id,first_name,last_name,email,gender,ip_address
10001,Urbain,Barg,ubarg0@japanpost.jp,Male,251.213.144.135
10002,Sherm,Milmore,smilmore1@topsy.com,Male,46.171.233.3
10003,Stanfield,Mountjoy,smountjoy2@dagondesign.com,Male,49.41.148.194
10004,Skylar,Phizacklea,sphizacklea3@goo.ne.jp,Male,202.231.101.65
10005,Dosi,Truscott,dtruscott4@mozilla.org,Agender,84.241.45.192
10006,Candida,Edards,cedards5@addthis.com,Female,58.38.36.173
10007,Bernadene,Milstead,bmilstead6@craigslist.org,Female,55.156.37.167
10008,Gerhard,Kropp,gkropp7@oracle.com,Male,139.227.27.162
10009,Alia,Maletratt,amaletratt8@nytimes.com,Female,126.19.170.64
100010,Karlene,Tiffin,ktiffin9@ucla.edu,Female,77.173.20.190
100011,Reginald,Renahan,rrenahana@dmoz.org,Male,179.253.105.233
100012,Mavra,Laughren,mlaughrenb@taobao.com,Female,147.156.169.11
100013,Nola,Staning,nstaningc@wiley.com,Female,89.89.54.203
100014,Melinde,Cornelleau,mcornelleaud@fastcompany.com,Female,110.79.163.135
100015,Ara,Vell,avelle@bloglines.com,Male,244.243.250.48
100016,Byrom,Le Fleming,bleflemingf@xrea.com,Male,214.223.202.42
100017,Dewey,Cordeux,dcordeuxg@smugmug.com,Male,152.149.94.194
100018,Auroora,Ridley,aridleyh@ucsd.edu,Female,206.154.31.120
100019,Charis,Hadigate,chadigatei@dyndns.org,Female,216.41.153.48
100020,Blondy,De Ambrosi,bdeambrosij@imgur.com,Female,19.71.191.40
100021,Abbe,Tether,atetherk@cbc.ca,Female,111.37.149.112
100022,Alejandro,Pavier,apavierl@google.com.hk,Male,53.5.84.149
100023,Wenonah,Coey,wcoeym@bigcartel.com,Genderfluid,12.46.240.231
100024,Valma,Stilling,vstillingn@yelp.com,Female,44.194.174.212
100025,Babita,Doerffer,bdoerffero@angelfire.com,Female,18.123.167.204
100026,Truman,Cerie,tceriep@buzzfeed.com,Male,87.81.128.46
100027,Riane,Saterweyte,rsaterweyteq@un.org,Female,249.60.23.233
100028,Anastassia,Gannaway,agannawayr@yahoo.co.jp,Female,38.197.96.154
100029,Emalia,Dunkerly,edunkerlys@ocn.ne.jp,Female,15.190.37.150
100030,Monty,Kearns,mkearnst@indiegogo.com,Male,181.231.60.135
100031,Debera,Strognell,dstrognellu@state.tx.us,Female,168.37.179.82
100032,Cortney,Zisneros,czisnerosv@cdbaby.com,Female,45.76.197.118
100033,Florry,Merrisson,fmerrissonw@addtoany.com,Female,234.177.126.178
100034,Gaelan,Fanti,gfantix@tamu.edu,Male,30.80.78.251
100035,Vinson,Poat,vpoaty@mozilla.com,Male,152.252.255.16
100036,Nolly,Abella,nabellaz@ameblo.jp,Male,229.119.145.203
100037,Inga,Beek,ibeek10@sohu.com,Female,156.214.80.215
100038,Dorice,Maffetti,dmaffetti11@zdnet.com,Female,35.22.195.110
100039,Annelise,Cresser,acresser12@desdev.cn,Female,231.225.198.39
100040,Glyn,Peiro,gpeiro13@abc.net.au,Male,15.245.242.91
100041,Garrick,Sussans,gsussans14@newyorker.com,Male,105.76.36.226
100042,Julie,Tullett,jtullett15@imageshack.us,Female,189.214.191.235
100043,Parry,Antrack,pantrack16@noaa.gov,Male,41.60.138.125
100044,Johnathan,Bourdon,jbourdon17@aboutads.info,Male,94.177.154.51
100045,Miguela,Biaggi,mbiaggi18@blogger.com,Female,188.72.221.39
100046,Karol,Rearie,krearie19@nasa.gov,Female,76.192.197.116
100047,Manny,Tills,mtills1a@blogtalkradio.com,Male,110.131.14.212
100048,Ciro,Sima,csima1b@kickstarter.com,Male,7.179.160.146
100049,Sylvester,Chimes,schimes1c@thetimes.co.uk,Male,7.31.186.146
100050,Shae,McGeneay,smcgeneay1d@google.com.au,Male,103.249.255.177
100051,Debbie,Spain-Gower,dspaingower1e@webs.com,Female,31.110.112.119
100052,Adorne,Wilmington,awilmington1f@mit.edu,Female,225.16.223.167
100053,Billie,Leech,bleech1g@angelfire.com,Female,194.35.22.133
100054,Jackson,Bolitho,jbolitho1h@fema.gov,Male,243.165.30.98
100055,Lynelle,Garmons,lgarmons1i@furl.net,Female,105.91.122.172
100056,Hardy,MacCartair,hmaccartair1j@japanpost.jp,Male,239.6.169.112
100057,Carina,Phelp,cphelp1k@marriott.com,Female,104.255.31.38
100058,Sky,McCaghan,smccaghan1l@quantcast.com,Male,21.165.108.191
100059,Josi,Panting,jpanting1m@mlb.com,Female,148.142.88.156
100060,Cyril,Krebs,ckrebs1n@free.fr,Male,238.2.73.153
100061,Gary,Rickets,grickets1o@usnews.com,Male,76.231.169.215
100062,Mariele,Mettericke,mmettericke1p@baidu.com,Female,179.254.103.185
100063,Leontyne,Bernollet,lbernollet1q@intel.com,Female,114.167.100.141
100064,Sharia,Cousin,scousin1r@wiley.com,Female,157.92.91.93
100065,Hendrik,Visco,hvisco1s@diigo.com,Male,202.85.153.200
100066,Torrance,Olechnowicz,tolechnowicz1t@hhs.gov,Male,247.157.137.54
100067,Guillemette,Garrould,ggarrould1u@ask.com,Female,250.83.135.229
100068,Hewet,Malletratt,hmalletratt1v@wikimedia.org,Male,30.66.223.234
100069,Bobby,Windybank,bwindybank1w@simplemachines.org,Male,82.100.89.95
100070,Daveta,Petts,dpetts1x@mtv.com,Female,157.40.225.105
100071,Dominique,Fletham,dfletham1y@tripod.com,Male,4.155.11.85
100072,Ellene,Checchetelli,echecchetelli1z@unc.edu,Female,117.90.100.17
100073,Bobbee,Vanyushin,bvanyushin20@archive.org,Female,46.61.148.70
100074,Bale,Emslie,bemslie21@google.ru,Male,76.184.192.143
100075,Cristal,Ludlom,cludlom22@apache.org,Female,44.92.68.206
100076,Milicent,Duffill,mduffill23@java.com,Female,4.222.129.207
100077,Merl,Stanyan,mstanyan24@trellian.com,Female,116.48.2.197
100078,Dael,Schultheiss,dschultheiss25@friendfeed.com,Female,223.38.195.1
100079,Breanne,Moncrieffe,bmoncrieffe26@ow.ly,Female,89.165.218.66
100080,Ricoriki,Hamsher,rhamsher27@sphinn.com,Male,25.67.89.213
100081,Marietta,Ancliffe,mancliffe28@mac.com,Female,220.189.23.70
100082,Pippo,Hannant,phannant29@ifeng.com,Male,28.99.34.244
100083,Rosalie,Cheyney,rcheyney2a@163.com,Female,116.227.211.104
100084,Dorothy,Baal,dbaal2b@dmoz.org,Genderqueer,132.167.53.81
100085,Bernadine,Penton,bpenton2c@free.fr,Female,239.209.130.248
100086,Bondie,Corsor,bcorsor2d@slideshare.net,Male,189.66.192.103
100087,Willie,Pincott,wpincott2e@trellian.com,Male,6.168.163.204
100088,Edik,Kinnar,ekinnar2f@globo.com,Male,57.207.143.255
100089,Derrek,Murrthum,dmurrthum2g@i2i.jp,Male,94.129.165.172
100090,Wells,Beauvais,wbeauvais2h@unc.edu,Male,48.233.181.138
100091,Myrtle,Charlson,mcharlson2i@princeton.edu,Female,106.248.218.249
100092,Fielding,Coppens,fcoppens2j@wikispaces.com,Male,34.33.141.8
100093,Valenka,Ambrogio,vambrogio2k@skyrock.com,Female,59.59.214.181
100094,Briant,Youles,byoules2l@taobao.com,Male,208.242.183.238
100095,Hewet,Yanshonok,hyanshonok2m@nature.com,Male,255.114.224.45
100096,Cara,Gelly,cgelly2n@usnews.com,Female,52.82.108.195
100097,Sargent,Haldon,shaldon2o@timesonline.co.uk,Genderqueer,202.30.218.125
100098,Rutter,Dotson,rdotson2p@eventbrite.com,Male,57.38.168.215
100099,Victoria,Rean,vrean2q@jigsy.com,Non-binary,179.185.241.89
1000100,Stepha,Sharpley,ssharpley2r@smugmug.com,Female,189.82.250.97
1000101,Amberly,Berrey,aberrey2s@tiny.cc,Female,29.9.211.20
1000102,Veronike,Taplow,vtaplow2t@ask.com,Female,203.134.88.69
1000103,Haleigh,Flaverty,hflaverty2u@sbwire.com,Male,40.93.50.250
1000104,Jamey,Abramson,jabramson2v@xrea.com,Male,144.55.232.201
1000105,Sybille,Easey,seasey2w@alibaba.com,Female,18.238.153.101
1000106,Beverly,Atkirk,batkirk2x@nifty.com,Genderfluid,153.14.246.216
1000107,Adham,Kondratenya,akondratenya2y@discuz.net,Male,195.24.179.44
1000108,Paige,Ortiga,portiga2z@ibm.com,Male,42.148.70.9
1000109,Gabey,Rodway,grodway30@fastcompany.com,Female,121.218.237.175
1000110,Denis,Spelwood,dspelwood31@ehow.com,Genderqueer,157.174.5.189
1000111,Tootsie,Dwane,tdwane32@cbsnews.com,Female,132.168.234.225
1000112,Janith,Verzey,jverzey33@businessinsider.com,Female,53.16.197.157
1000113,Budd,Crannell,bcrannell34@jimdo.com,Male,159.38.163.148
1000114,Aurilia,Kaesmakers,akaesmakers35@4shared.com,Female,91.114.57.25
1000115,Leonora,Gallardo,lgallardo36@soup.io,Female,17.223.52.81
1000116,Fredelia,Mellody,fmellody37@disqus.com,Female,86.149.197.165
1000117,Myrlene,Lias,mlias38@friendfeed.com,Female,146.3.206.65
1000118,Margaux,Gonning,mgonning39@clickbank.net,Female,213.251.18.245
1000119,Sherry,Tungate,stungate3a@w3.org,Female,30.146.255.127
1000120,Simeon,Sowthcote,ssowthcote3b@newsvine.com,Genderfluid,187.255.8.91
1000121,Gusta,Kybbye,gkybbye3c@ox.ac.uk,Bigender,194.24.191.41
1000122,Mimi,Ketcher,mketcher3d@cyberchimps.com,Female,217.183.252.117
1000123,Lois,Dalwood,ldalwood3e@flavors.me,Female,187.46.45.214
1000124,Alfredo,Hansley,ahansley3f@mtv.com,Male,59.91.218.117
1000125,Charisse,Warin,cwarin3g@ask.com,Female,242.156.157.230
1000126,Giustina,Crosskill,gcrosskill3h@flavors.me,Female,7.6.40.103
1000127,Ariel,Dearell,adearell3i@ow.ly,Male,79.80.154.14
1000128,Willamina,Lathbury,wlathbury3j@hatena.ne.jp,Agender,11.247.234.19
1000129,Hurleigh,Maryan,hmaryan3k@so-net.ne.jp,Male,153.24.96.130
1000130,Eustacia,Mordecai,emordecai3l@mediafire.com,Female,91.102.78.211
1000131,Thea,Piesold,tpiesold3m@desdev.cn,Female,35.112.82.182
1000132,Erina,Coghill,ecoghill3n@xinhuanet.com,Female,56.126.139.226
1000133,Westleigh,Voysey,wvoysey3o@accuweather.com,Male,215.241.209.246
1000134,Dulcy,Lewty,dlewty3p@dedecms.com,Female,154.154.148.116
1000135,Robbyn,Pettingill,rpettingill3q@cnbc.com,Female,56.226.42.155
1000136,Travers,Matterface,tmatterface3r@economist.com,Male,102.170.11.197
1000137,Wilmer,Malinson,wmalinson3s@squidoo.com,Male,95.220.11.168
1000138,Lewie,McKimmey,lmckimmey3t@mashable.com,Male,110.227.217.205
1000139,Tobie,Mottinelli,tmottinelli3u@vinaora.com,Genderqueer,57.238.103.203
1000140,Albrecht,Marron,amarron3v@ycombinator.com,Agender,99.47.254.82
1000141,Hakeem,Dobie,hdobie3w@washington.edu,Male,7.223.144.213
1000142,Elsinore,Iverson,eiverson3x@columbia.edu,Female,73.171.34.8
1000143,Allin,Schollar,aschollar3y@jimdo.com,Male,213.237.28.46
1000144,Jacky,Clendinning,jclendinning3z@aol.com,Female,180.10.129.194
1000145,Clayson,Isaacson,cisaacson40@domainmarket.com,Polygender,111.239.3.121
1000146,Nealy,Vannah,nvannah41@gov.uk,Male,181.76.151.254
1000147,Malanie,Coopey,mcoopey42@slate.com,Female,119.218.58.130
1000148,Melvin,Cordeiro,mcordeiro43@mozilla.org,Male,84.200.9.35
1000149,Angelica,Colloff,acolloff44@dagondesign.com,Female,83.233.101.86
1000150,Zebedee,Flye,zflye45@google.com.hk,Polygender,154.63.184.42
1000151,Romy,Allkins,rallkins46@mozilla.org,Female,6.91.216.228
1000152,Vilma,Bulman,vbulman47@state.tx.us,Female,97.122.119.69
1000153,Alyda,Disbury,adisbury48@who.int,Female,119.35.68.40
1000154,Taddeo,MacCorley,tmaccorley49@answers.com,Male,115.199.19.243
1000155,Jinny,Scullard,jscullard4a@apache.org,Female,68.2.208.101
1000156,Alberik,Doiley,adoiley4b@vinaora.com,Male,252.102.43.227
1000157,Petronia,Abbado,pabbado4c@patch.com,Female,63.232.96.255
1000158,Nils,Ible,nible4d@slideshare.net,Male,83.62.72.80
1000159,Antoinette,Schutze,aschutze4e@paginegialle.it,Female,54.155.53.158
1000160,Betty,Danilovich,bdanilovich4f@foxnews.com,Female,98.106.239.62
1000161,Erny,McCurrie,emccurrie4g@fotki.com,Male,65.134.116.8
1000162,Von,Gravie,vgravie4h@discuz.net,Agender,205.65.251.82
1000163,Parnell,Jerche,pjerche4i@1688.com,Male,33.121.57.245
1000164,Kendell,Doyley,kdoyley4j@goo.gl,Male,93.174.120.184
1000165,Damita,O'Neary,doneary4k@ycombinator.com,Agender,213.27.148.44
1000166,Alphard,Burras,aburras4l@woothemes.com,Male,114.64.86.76
1000167,Gayelord,Pennycook,gpennycook4m@ning.com,Non-binary,124.37.214.128
1000168,Norrie,Gozney,ngozney4n@pen.io,Male,134.43.33.219
1000169,Olivie,Rawsthorn,orawsthorn4o@bravesites.com,Non-binary,145.131.235.90
1000170,Thomasine,Vennard,tvennard4p@omniture.com,Genderfluid,176.51.9.178
1000171,Micaela,Haseldine,mhaseldine4q@time.com,Female,246.132.216.43
1000172,Athena,Gothard,agothard4r@themeforest.net,Female,178.151.80.237
1000173,Flore,Screwton,fscrewton4s@sourceforge.net,Female,86.83.165.174
1000174,Mae,Campione,mcampione4t@oaic.gov.au,Female,34.56.114.185
1000175,Honey,Jameson,hjameson4u@dagondesign.com,Female,145.26.71.60
1000176,Michael,Klewer,mklewer4v@adobe.com,Male,51.26.217.243
1000177,Lorraine,Seak,lseak4w@edublogs.org,Female,2.74.68.134
1000178,Tann,Bravey,tbravey4x@columbia.edu,Male,11.191.139.144
1000179,Lesli,Bradley,lbradley4y@eepurl.com,Female,73.91.41.226
1000180,Parsifal,Roch,proch4z@wikipedia.org,Male,203.158.47.184
1000181,Ondrea,Colin,ocolin50@skyrock.com,Female,9.219.170.156
1000182,Graehme,Blincko,gblincko51@state.gov,Male,7.137.214.46
1000183,Gilberta,Cridge,gcridge52@csmonitor.com,Female,84.242.210.165
1000184,Violet,Brevitt,vbrevitt53@php.net,Female,133.38.70.65
1000185,Thaine,Cheng,tcheng54@homestead.com,Male,56.0.128.104
1000186,Goldia,Lonie,glonie55@oracle.com,Female,122.77.181.114
1000187,Patten,Dealtry,pdealtry56@craigslist.org,Male,165.143.5.192
1000188,Gena,Deackes,gdeackes57@ovh.net,Agender,129.184.126.155
1000189,Bendick,Attwill,battwill58@smh.com.au,Male,19.74.119.79
1000190,Merla,Bridgen,mbridgen59@360.cn,Female,39.59.22.121
1000191,Friederike,Cline,fcline5a@gov.uk,Female,44.34.107.252
1000192,Anne,Britto,abritto5b@hubpages.com,Female,163.254.240.95
1000193,Elizabeth,Lucien,elucien5c@reverbnation.com,Female,170.226.95.114
1000194,Dimitri,Denzilow,ddenzilow5d@multiply.com,Male,28.51.24.25
1000195,Roanna,McGeouch,rmcgeouch5e@vistaprint.com,Female,120.254.238.66
1000196,Massimiliano,Pendle,mpendle5f@eventbrite.com,Male,107.73.181.211
1000197,Ivie,Boissieux,iboissieux5g@google.cn,Female,63.161.168.172
1000198,Dale,Swainsbury,dswainsbury5h@altervista.org,Female,146.247.67.40
1000199,Alfred,Gotcliff,agotcliff5i@timesonline.co.uk,Male,77.228.103.153
1000200,Leonelle,Lievesley,llievesley5j@etsy.com,Female,125.11.216.51
1000201,Robbert,Weeds,rweeds5k@foxnews.com,Male,67.100.143.232
1000202,Abdul,Shoebotham,ashoebotham5l@yellowpages.com,Male,184.167.209.207
1000203,Toddie,Conkie,tconkie5m@biblegateway.com,Male,49.32.138.87
1000204,Garnette,Byfford,gbyfford5n@addtoany.com,Female,233.200.192.97
1000205,Brien,Hender,bhender5o@devhub.com,Male,108.201.241.37
1000206,Claudia,Doyley,cdoyley5p@quantcast.com,Female,151.116.164.75
1000207,Budd,Barthrup,bbarthrup5q@blog.com,Male,54.209.200.96
1000208,Crystal,Fishbourne,cfishbourne5r@bizjournals.com,Female,46.1.211.148
1000209,Allen,Ruffell,aruffell5s@hp.com,Male,21.11.142.250
1000210,Vilma,Anger,vanger5t@youtube.com,Female,166.150.64.2
1000211,Mike,Franzonello,mfranzonello5u@dell.com,Male,222.175.217.168
1000212,Morris,Wildman,mwildman5v@creativecommons.org,Male,244.53.232.18
1000213,Obie,Brownett,obrownett5w@newsvine.com,Male,223.86.19.22
1000214,Erna,Peizer,epeizer5x@ebay.co.uk,Female,228.94.165.25
1000215,Heindrick,Qualtrough,hqualtrough5y@ameblo.jp,Male,227.86.2.151
1000216,Riannon,Giurio,rgiurio5z@biblegateway.com,Female,12.172.205.182
1000217,Sigismund,Silbert,ssilbert60@vimeo.com,Male,202.159.52.113
1000218,Shermy,Molan,smolan61@github.com,Male,175.55.241.75
1000219,Nissa,Pover,npover62@friendfeed.com,Female,121.99.174.250
1000220,Innis,Josiah,ijosiah63@pcworld.com,Male,163.131.118.109
1000221,Onfroi,Leverington,oleverington64@google.fr,Male,182.244.99.157
1000222,Sukey,Grimsell,sgrimsell65@mayoclinic.com,Female,129.160.30.10
1000223,Donavon,Swalwel,dswalwel66@clickbank.net,Male,251.104.172.30
1000224,Welby,Shoveller,wshoveller67@epa.gov,Male,196.69.59.126
1000225,Ross,Sturm,rsturm68@jiathis.com,Bigender,24.32.153.224
1000226,Fields,Rissom,frissom69@arizona.edu,Male,6.197.57.90
1000227,Debby,Digger,ddigger6a@vkontakte.ru,Female,110.234.89.206
1000228,Stephana,Balls,sballs6b@pen.io,Female,194.118.104.162
1000229,Molli,Baudi,mbaudi6c@google.com.br,Female,162.120.250.124
1000230,Gustavo,Ceschelli,gceschelli6d@acquirethisname.com,Male,1.0.95.242
1000231,Janna,Jeff,jjeff6e@jugem.jp,Female,171.72.174.110
1000232,Mar,Wainwright,mwainwright6f@redcross.org,Male,223.79.31.108
1000233,Carney,Nern,cnern6g@cafepress.com,Male,87.118.93.71
1000234,Emlynn,Delucia,edelucia6h@usda.gov,Female,19.164.183.90
1000235,Justine,Heinzler,jheinzler6i@indiegogo.com,Female,124.233.98.49
1000236,Drusi,Stopps,dstopps6j@bizjournals.com,Female,249.111.76.99
1000237,Edie,Dibden,edibden6k@umich.edu,Female,2.24.123.223
1000238,Harlan,Wince,hwince6l@ifeng.com,Male,116.95.208.175
1000239,Krystalle,Burder,kburder6m@twitpic.com,Female,53.128.28.192
1000240,Ravid,Stearns,rstearns6n@google.fr,Male,90.86.69.152
1000241,Tasia,Bruhke,tbruhke6o@newyorker.com,Female,247.60.122.204
1000242,Christean,Crocumbe,ccrocumbe6p@com.com,Female,232.145.174.124
1000243,Jermaine,Rubens,jrubens6q@google.ca,Male,171.243.128.56
1000244,Sunny,Fosdike,sfosdike6r@csmonitor.com,Male,73.141.5.43
1000245,Ruprecht,Chezier,rchezier6s@goodreads.com,Male,121.186.202.158
1000246,Sheff,Milthorpe,smilthorpe6t@jugem.jp,Male,180.157.64.1
1000247,Alaine,Moreton,amoreton6u@ucoz.ru,Female,46.123.171.244
1000248,Shae,Ledwich,sledwich6v@chron.com,Female,199.37.135.51
1000249,Jehanna,Dawes,jdawes6w@samsung.com,Female,129.43.58.154
1000250,Joelle,Hicken,jhicken6x@google.es,Female,142.130.149.60
1000251,Emelia,Tynan,etynan6y@yale.edu,Agender,37.71.62.254
1000252,Marin,Amis,mamis6z@xing.com,Genderfluid,147.87.58.36
1000253,Carol-jean,Skillanders,cskillanders70@oakley.com,Female,71.22.62.255
1000254,Reese,Spring,rspring71@skype.com,Male,92.230.68.91
1000255,Amanda,Hyde-Chambers,ahydechambers72@google.com.br,Female,243.253.202.197
1000256,Gris,Condit,gcondit73@usda.gov,Male,36.96.114.177
1000257,Frederico,Gash,fgash74@nps.gov,Male,164.1.117.39
1000258,Mollee,Snedden,msnedden75@who.int,Female,115.219.196.58
1000259,Charlean,Braisted,cbraisted76@com.com,Female,99.67.87.68
1000260,Ora,Capozzi,ocapozzi77@foxnews.com,Female,126.113.81.111
1000261,Nike,Espinha,nespinha78@sciencedaily.com,Female,250.200.116.8
1000262,Ryan,Pennicott,rpennicott79@bbb.org,Male,174.90.204.159
1000263,Gay,Stilldale,gstilldale7a@patch.com,Female,214.74.139.108
1000264,Pier,Gailor,pgailor7b@lulu.com,Female,161.26.159.168
1000265,Elisha,Rotherham,erotherham7c@so-net.ne.jp,Female,187.15.145.210
1000266,Sherry,Letty,sletty7d@cam.ac.uk,Female,149.164.182.110
1000267,Janka,Woollard,jwoollard7e@artisteer.com,Female,233.63.161.75
1000268,Waylin,Slocombe,wslocombe7f@slashdot.org,Male,172.143.188.92
1000269,Gifford,Nuccii,gnuccii7g@behance.net,Male,203.162.39.175
1000270,Christyna,Millen,cmillen7h@pinterest.com,Female,16.206.19.202
1000271,Ingamar,Blinco,iblinco7i@weibo.com,Male,161.42.134.117
1000272,Edan,Scargill,escargill7j@github.com,Male,170.21.41.219
1000273,Eberto,Luca,eluca7k@barnesandnoble.com,Male,122.42.182.20
1000274,Culver,Booler,cbooler7l@patch.com,Male,23.37.178.248
1000275,Alexandro,Castro,acastro7m@vinaora.com,Male,125.238.106.115
1000276,Blaire,Newhouse,bnewhouse7n@pinterest.com,Female,142.31.124.195
1000277,Donalt,Knipe,dknipe7o@patch.com,Genderqueer,173.158.203.244
1000278,Aloin,Pavlovsky,apavlovsky7p@123-reg.co.uk,Male,248.16.195.149
1000279,Lacy,Chamberlaine,lchamberlaine7q@oaic.gov.au,Female,116.141.96.251
1000280,Maye,Mateus,mmateus7r@home.pl,Female,194.14.188.144
1000281,Chuck,Conry,cconry7s@friendfeed.com,Male,33.15.19.31
1000282,Mel,Gunthorpe,mgunthorpe7t@dagondesign.com,Polygender,240.226.190.172
1000283,Rosamond,Pigot,rpigot7u@free.fr,Female,99.194.11.246
1000284,Ernst,Terzi,eterzi7v@state.gov,Male,138.151.10.235
1000285,Marlon,Simic,msimic7w@paginegialle.it,Male,102.223.75.177
1000286,Halsey,Backes,hbackes7x@archive.org,Male,218.186.206.115
1000287,Mycah,Glozman,mglozman7y@businessinsider.com,Male,159.7.73.194
1000288,Jordain,Alvis,jalvis7z@paginegialle.it,Female,72.88.138.136
1000289,Mirabella,Polfer,mpolfer80@jalbum.net,Female,229.138.204.125
1000290,Filip,Castanares,fcastanares81@mysql.com,Male,52.41.106.106
1000291,Waylen,Noice,wnoice82@gmpg.org,Male,216.24.156.143
1000292,Harwilll,Maggill'Andreis,hmaggillandreis83@cisco.com,Male,161.5.41.245
1000293,Holly-anne,Barnham,hbarnham84@nature.com,Female,4.141.3.36
1000294,Winni,Itscowicz,witscowicz85@arstechnica.com,Female,89.69.53.0
1000295,Eleanore,Kirvin,ekirvin86@independent.co.uk,Female,120.194.164.126
1000296,Cherilynn,Meneely,cmeneely87@examiner.com,Female,62.152.147.214
1000297,Chilton,Metherell,cmetherell88@umn.edu,Male,23.251.128.231
1000298,Alister,Malimoe,amalimoe89@zdnet.com,Male,34.231.249.133
1000299,Kean,Gorvin,kgorvin8a@naver.com,Male,192.155.232.174
1000300,Bee,Chichgar,bchichgar8b@usnews.com,Genderqueer,8.41.230.58
1000301,Randene,Baughen,rbaughen8c@webnode.com,Female,39.28.99.99
1000302,Amye,Cloake,acloake8d@mozilla.org,Female,109.105.79.215
1000303,Linea,Brody,lbrody8e@wikispaces.com,Female,203.161.32.61
1000304,Sindee,Dennehy,sdennehy8f@house.gov,Female,192.5.139.218
1000305,Prince,Chaudret,pchaudret8g@scientificamerican.com,Male,21.73.201.23
1000306,Lissie,Laugheran,llaugheran8h@phpbb.com,Female,220.24.3.188
1000307,Marrilee,Buxton,mbuxton8i@surveymonkey.com,Female,254.93.239.224
1000308,Barbabra,Morfell,bmorfell8j@tumblr.com,Female,40.75.34.99
1000309,Cross,Woolard,cwoolard8k@feedburner.com,Male,102.71.160.127
1000310,Rani,McGillicuddy,rmcgillicuddy8l@hostgator.com,Female,208.67.247.201
1000311,Guglielmo,Erdely,gerdely8m@whitehouse.gov,Male,58.76.100.162
1000312,Rafaello,Kamienski,rkamienski8n@bbc.co.uk,Male,30.232.152.205
1000313,Gunar,Baldrey,gbaldrey8o@wsj.com,Male,252.212.209.241
1000314,Lyssa,Tousy,ltousy8p@csmonitor.com,Female,92.134.100.186
1000315,Thebault,Ivan,tivan8q@noaa.gov,Male,39.195.19.140
1000316,Doralin,Sant,dsant8r@google.com,Female,236.174.10.105
1000317,Denver,Robbie,drobbie8s@epa.gov,Male,212.168.243.187
1000318,Adriano,Cleghorn,acleghorn8t@github.io,Male,152.24.106.173
1000319,Brandtr,Cauderlie,bcauderlie8u@etsy.com,Male,132.127.116.227
1000320,Boy,Morcombe,bmorcombe8v@seesaa.net,Male,73.65.253.110
1000321,Dewie,McGettrick,dmcgettrick8w@pcworld.com,Male,143.181.255.80
1000322,Gian,Besnard,gbesnard8x@surveymonkey.com,Male,107.216.227.164
1000323,Willdon,Wedmore,wwedmore8y@icio.us,Male,184.77.130.41
1000324,Almire,Blinman,ablinman8z@yahoo.co.jp,Female,228.113.72.109
1000325,Quill,Petrus,qpetrus90@prweb.com,Male,16.18.151.120
1000326,Winnie,Mealing,wmealing91@cmu.edu,Female,127.185.55.137
1000327,Amabelle,O'Hanlon,aohanlon92@sfgate.com,Female,255.169.54.71
1000328,Linnet,Pounds,lpounds93@si.edu,Female,207.212.176.87
1000329,Dannie,Ricco,dricco94@bloglovin.com,Female,112.210.65.81
1000330,Billy,Schroeder,bschroeder95@toplist.cz,Female,89.86.93.237
1000331,Mose,Toten,mtoten96@symantec.com,Male,232.247.253.243
1000332,Emlynne,Gudge,egudge97@ebay.co.uk,Female,150.90.112.27
1000333,Aubert,Bearsmore,abearsmore98@google.com.br,Male,127.170.153.153
1000334,Kasper,Keable,kkeable99@imageshack.us,Genderqueer,176.45.102.154
1000335,Carissa,Aggis,caggis9a@imageshack.us,Female,235.118.243.34
1000336,Talia,Lamble,tlamble9b@walmart.com,Female,148.129.60.111
1000337,Lin,Smylie,lsmylie9c@oaic.gov.au,Male,42.153.80.177
1000338,Laural,Fitzgerald,lfitzgerald9d@rediff.com,Female,240.121.70.192
1000339,Henry,Skryne,hskryne9e@feedburner.com,Male,72.213.194.59
1000340,Miquela,Wasselin,mwasselin9f@mail.ru,Female,215.31.73.68
1000341,Lindsay,Jewson,ljewson9g@narod.ru,Male,80.207.171.181
1000342,Marysa,Clother,mclother9h@sakura.ne.jp,Genderfluid,66.92.152.57
1000343,Ogdon,Haversham,ohaversham9i@mapy.cz,Male,144.213.97.206
1000344,Clayton,Huggen,chuggen9j@miibeian.gov.cn,Genderfluid,49.206.169.176
1000345,Dacy,Badman,dbadman9k@skype.com,Female,206.156.186.131
1000346,Coral,Bothram,cbothram9l@nih.gov,Genderqueer,218.202.61.229
1000347,Colman,Bartlett,cbartlett9m@eventbrite.com,Male,153.161.255.126
1000348,Katya,Pepall,kpepall9n@rakuten.co.jp,Female,101.194.167.27
1000349,Arturo,Braam,abraam9o@csmonitor.com,Male,28.33.87.137
1000350,April,Giacopello,agiacopello9p@webnode.com,Female,109.221.162.81
1000351,Jojo,Ashleigh,jashleigh9q@scribd.com,Genderqueer,77.16.118.37
1000352,Irvine,People,ipeople9r@scribd.com,Polygender,174.95.45.104
1000353,Damaris,Chasmor,dchasmor9s@macromedia.com,Bigender,216.152.58.182
1000354,Ab,Hutt,ahutt9t@census.gov,Male,72.19.40.244
1000355,Udall,Prazer,uprazer9u@wsj.com,Male,68.237.191.36
1000356,Anatol,Sharply,asharply9v@arizona.edu,Male,126.189.26.89
1000357,Finn,Buffey,fbuffey9w@salon.com,Male,147.56.54.153
1000358,Kary,Whittet,kwhittet9x@comsenz.com,Female,239.157.178.148
1000359,Gail,Swaile,gswaile9y@loc.gov,Female,202.110.104.124
1000360,Dorree,Rentoll,drentoll9z@cocolog-nifty.com,Female,58.176.1.45
1000361,Sebastien,MacMarcuis,smacmarcuisa0@addtoany.com,Male,14.119.244.128
1000362,Crawford,Hawker,chawkera1@netlog.com,Male,70.208.225.175
1000363,Daffy,Kearton,dkeartona2@domainmarket.com,Female,30.224.225.233
1000364,Dehlia,McKibbin,dmckibbina3@usgs.gov,Female,10.179.32.174
1000365,Tedda,Mazzilli,tmazzillia4@phpbb.com,Female,115.254.251.126
1000366,Natala,McNiven,nmcnivena5@amazon.de,Female,198.150.55.19
1000367,Hamlin,McAvin,hmcavina6@skype.com,Male,185.76.233.129
1000368,Ladonna,Heasman,lheasmana7@skyrock.com,Female,7.127.131.226
1000369,Phaedra,Wisbey,pwisbeya8@elegantthemes.com,Genderfluid,26.239.152.37
1000370,Flss,Slack,fslacka9@diigo.com,Genderqueer,148.81.98.186
1000371,Trey,Corradini,tcorradiniaa@usa.gov,Male,211.189.37.115
1000372,Archaimbaud,Dickinson,adickinsonab@oakley.com,Male,58.74.9.152
1000373,Jake,Hillburn,jhillburnac@moonfruit.com,Male,140.88.206.65
1000374,Fidela,Barton,fbartonad@kickstarter.com,Female,252.247.140.204
1000375,Nancy,Crates,ncratesae@xrea.com,Female,151.214.88.169
1000376,Yardley,Malling,ymallingaf@techcrunch.com,Male,124.177.122.48
1000377,Mag,Tomlin,mtomlinag@hhs.gov,Female,55.160.187.23
1000378,Phillie,Keveren,pkeverenah@home.pl,Female,162.149.36.20
1000379,Normand,Jiroutka,njiroutkaai@scientificamerican.com,Agender,83.84.244.241
1000380,Armand,Volke,avolkeaj@sourceforge.net,Male,42.252.68.67
1000381,Chlo,Mongain,cmongainak@apache.org,Bigender,27.27.191.122
1000382,Nilson,Hughs,nhughsal@indiatimes.com,Male,200.200.134.11
1000383,Jami,Ravilious,jraviliousam@xing.com,Female,32.76.208.128
1000384,Natale,Dayborne,ndaybornean@redcross.org,Male,93.153.6.121
1000385,Base,Whitsun,bwhitsunao@quantcast.com,Male,143.155.143.230
1000386,Anatola,Burke,aburkeap@simplemachines.org,Female,194.210.227.196
1000387,Chaddie,Neath,cneathaq@netvibes.com,Male,1.205.207.115
1000388,Livvie,Jeannot,ljeannotar@yale.edu,Female,53.177.10.209
1000389,Elmo,Goard,egoardas@adobe.com,Male,188.116.18.9
1000390,Darby,Privost,dprivostat@squarespace.com,Male,222.134.65.224
1000391,Tab,Fishe,tfisheau@cdbaby.com,Male,7.140.60.86
1000392,Ruthy,Silwood,rsilwoodav@dagondesign.com,Female,243.188.121.223
1000393,Benjamin,Brandino,bbrandinoaw@nhs.uk,Male,243.75.233.210
1000394,Darleen,Cordy,dcordyax@ed.gov,Female,148.202.77.160
1000395,Wallache,Kraft,wkraftay@bing.com,Male,56.113.145.7
1000396,Allison,Monahan,amonahanaz@goodreads.com,Non-binary,156.90.222.52
1000397,Jenifer,Giral,jgiralb0@macromedia.com,Female,149.12.186.46
1000398,Tersina,Libbis,tlibbisb1@hp.com,Female,166.172.14.53
1000399,Yance,Marzelli,ymarzellib2@joomla.org,Male,27.182.229.215
1000400,Juieta,Wilkerson,jwilkersonb3@de.vu,Non-binary,66.146.226.190
1000401,Herve,Lionel,hlionelb4@yellowpages.com,Male,30.199.202.205
1000402,Amie,Dach,adachb5@springer.com,Female,39.133.46.61
1000403,Rance,Tumbelty,rtumbeltyb6@princeton.edu,Male,58.89.186.149
1000404,Cornall,Rossiter,crossiterb7@geocities.com,Male,80.82.155.31
1000405,Tad,Thorneywork,tthorneyworkb8@google.com,Male,166.114.33.43
1000406,Berrie,Eberdt,beberdtb9@virginia.edu,Female,192.235.178.111
1000407,Munmro,Anyene,manyeneba@sciencedirect.com,Male,81.191.67.246
1000408,Ahmad,Harrowell,aharrowellbb@usnews.com,Non-binary,198.124.216.242
1000409,Pepita,Perone,pperonebc@feedburner.com,Female,110.24.230.31
1000410,Maible,Renfrew,mrenfrewbd@indiatimes.com,Female,26.1.94.31
1000411,Gertie,Rossetti,grossettibe@reference.com,Female,0.133.32.87
1000412,Wolfie,Gajewski,wgajewskibf@myspace.com,Male,85.98.24.161
1000413,Quincy,Arends,qarendsbg@berkeley.edu,Male,77.153.203.93
1000414,Reginauld,Vallerine,rvallerinebh@tripadvisor.com,Male,252.235.24.48
1000415,Faunie,Clayhill,fclayhillbi@dedecms.com,Bigender,89.118.225.149
1000416,Vance,Royall,vroyallbj@amazon.com,Male,45.153.103.153
1000417,Rosa,Wyche,rwychebk@usa.gov,Genderqueer,2.99.242.157
1000418,Ingmar,Yakushkev,iyakushkevbl@goo.gl,Male,206.208.242.153
1000419,Junie,Chatenet,jchatenetbm@si.edu,Female,171.206.126.179
1000420,Archaimbaud,Naisbit,anaisbitbn@diigo.com,Male,203.78.4.127
1000421,Georgeanne,Seldner,gseldnerbo@bravesites.com,Female,92.210.227.96
1000422,Caitlin,Farris,cfarrisbp@usda.gov,Female,231.16.23.44
1000423,Terri,Knewstub,tknewstubbq@bigcartel.com,Male,178.166.80.39
1000424,Suzie,Petrillo,spetrillobr@smh.com.au,Female,69.241.31.32
1000425,Nessy,Wheal,nwhealbs@patch.com,Bigender,86.103.218.39
1000426,Geri,Stansbie,gstansbiebt@usa.gov,Male,113.118.60.150
1000427,Thorndike,Ratchford,tratchfordbu@wunderground.com,Male,8.204.105.26
1000428,Micky,Lympany,mlympanybv@google.com,Female,158.196.246.90
1000429,Ajay,Plues,apluesbw@foxnews.com,Female,0.160.131.143
1000430,Diena,Crowley,dcrowleybx@nature.com,Female,235.28.149.73
1000431,Keefer,Iacoviello,kiacovielloby@comcast.net,Male,76.253.93.149
1000432,Edgard,Eakins,eeakinsbz@sciencedaily.com,Genderfluid,190.76.37.81
1000433,Paquito,Rosson,prossonc0@deviantart.com,Male,58.140.209.5
1000434,Steffen,Lutton,sluttonc1@chicagotribune.com,Male,3.190.188.157
1000435,Abramo,Fredi,afredic2@nature.com,Male,79.245.79.13
1000436,Vivia,Arlott,varlottc3@kickstarter.com,Female,26.196.111.60
1000437,Timmy,Burgett,tburgettc4@ning.com,Male,42.194.140.92
1000438,Laura,Renny,lrennyc5@cbslocal.com,Female,86.222.214.20
1000439,Aubrey,Sinkins,asinkinsc6@cnn.com,Male,240.76.72.98
1000440,Fredric,Eastham,feasthamc7@nationalgeographic.com,Male,80.98.118.80
1000441,Harlen,Cove,hcovec8@trellian.com,Male,4.71.163.218
1000442,Gregoire,Scargle,gscarglec9@gravatar.com,Male,48.132.151.218
1000443,Renelle,Berthouloume,rberthouloumeca@rakuten.co.jp,Female,196.110.162.181
1000444,Channa,Petroulis,cpetrouliscb@ox.ac.uk,Female,107.165.88.11
1000445,Ian,Bernhardi,ibernhardicc@squidoo.com,Male,43.123.129.6
1000446,Binnie,Tammadge,btammadgecd@wordpress.com,Agender,116.11.177.152
1000447,Jemmy,Biaggioni,jbiaggionice@noaa.gov,Female,26.58.193.46
1000448,Grant,Galliford,ggallifordcf@japanpost.jp,Male,78.70.196.250
1000449,Orrin,Etchingham,oetchinghamcg@themeforest.net,Male,155.160.0.75
1000450,Kelsi,Marritt,kmarrittch@ifeng.com,Female,95.23.143.219
1000451,Casar,Shobbrook,cshobbrookci@usa.gov,Male,160.188.21.144
1000452,Lisle,Bavin,lbavincj@samsung.com,Male,27.64.63.65
1000453,Aldrich,Bouette,abouetteck@tiny.cc,Male,96.36.202.67
1000454,Cosme,Braams,cbraamscl@noaa.gov,Male,131.6.76.29
1000455,Chaddie,Gange,cgangecm@apache.org,Male,8.225.87.70
1000456,Arley,Truce,atrucecn@wiley.com,Male,22.87.103.85
1000457,Sylvan,Griston,sgristonco@boston.com,Male,139.0.158.148
1000458,Portia,Youngman,pyoungmancp@tinypic.com,Female,236.77.180.130
1000459,Elayne,Kevern,ekeverncq@zimbio.com,Female,80.173.171.92
1000460,Araldo,Cockshot,acockshotcr@topsy.com,Male,34.129.45.164
1000461,Kacy,Dempsey,kdempseycs@google.fr,Female,45.146.90.204
1000462,Tobie,Vondruska,tvondruskact@lulu.com,Male,139.169.144.46
1000463,Melinda,Ehlerding,mehlerdingcu@uiuc.edu,Female,78.255.141.233
1000464,Rollie,Murrish,rmurrishcv@wikimedia.org,Male,35.33.116.231
1000465,Fawnia,Inns,finnscw@google.co.uk,Female,150.8.196.254
1000466,Ellen,Riglar,eriglarcx@php.net,Female,85.18.72.62
1000467,Eran,Gavaghan,egavaghancy@aol.com,Female,33.125.240.62
1000468,Inigo,Dougary,idougarycz@whitehouse.gov,Male,176.15.168.121
1000469,Jeremiah,Garnar,jgarnard0@tamu.edu,Male,49.202.210.67
1000470,Jolyn,Tooting,jtootingd1@ft.com,Female,106.100.11.188
1000471,Hadley,Willoughey,hwillougheyd2@usatoday.com,Male,246.123.136.70
1000472,Wallie,Ahern,wahernd3@ifeng.com,Genderfluid,223.134.252.253
1000473,Brunhilde,Teodori,bteodorid4@drupal.org,Female,243.0.21.80
1000474,Constanta,Hainey,chaineyd5@opera.com,Female,52.213.58.43
1000475,Giulia,Ottosen,gottosend6@fc2.com,Female,26.3.60.235
1000476,Gav,Spavon,gspavond7@de.vu,Male,68.186.125.196
1000477,Joannes,Najera,jnajerad8@squidoo.com,Female,248.96.110.59
1000478,Donica,Durie,dduried9@list-manage.com,Female,152.47.81.244
1000479,Taryn,Copnar,tcopnarda@google.pl,Polygender,68.186.11.233
1000480,Mohandis,Mosedill,mmosedilldb@yale.edu,Male,122.175.40.183
1000481,Cully,Bodocs,cbodocsdc@gnu.org,Male,66.23.249.26
1000482,Consalve,Hitscher,chitscherdd@blogspot.com,Male,25.110.4.3
1000483,Tracey,Blaxlande,tblaxlandede@dailymotion.com,Female,187.131.113.228
1000484,Bidget,Canby,bcanbydf@fastcompany.com,Female,149.125.29.3
1000485,Devy,Labbati,dlabbatidg@disqus.com,Male,169.200.69.209
1000486,Gilligan,Trubshaw,gtrubshawdh@vimeo.com,Female,77.55.66.42
1000487,Ewell,Steagall,esteagalldi@ifeng.com,Male,30.206.38.118
1000488,Inglebert,Zoane,izoanedj@feedburner.com,Male,85.146.196.36
1000489,Kenton,Lovstrom,klovstromdk@patch.com,Male,34.13.101.176
1000490,Anatola,Mincini,amincinidl@g.co,Female,54.144.232.142
1000491,Mikaela,Beaver,mbeaverdm@fda.gov,Female,81.237.66.87
1000492,Con,Payfoot,cpayfootdn@delicious.com,Female,75.108.146.211
1000493,Aile,Lachaize,alachaizedo@gov.uk,Female,71.230.159.26
1000494,Hayes,Vain,hvaindp@eepurl.com,Male,80.165.212.110
1000495,Theressa,Martynka,tmartynkadq@theguardian.com,Polygender,245.110.189.81
1000496,Cristian,Robens,crobensdr@livejournal.com,Male,99.77.85.217
1000497,Germayne,Marshall,gmarshallds@usda.gov,Male,72.194.220.75
1000498,Roxanna,Geharke,rgeharkedt@howstuffworks.com,Bigender,4.8.52.35
1000499,Zorina,Medlin,zmedlindu@zdnet.com,Female,64.70.123.171
1000500,Damiano,Stutte,dstuttedv@altervista.org,Male,39.111.163.244
1000501,Darbie,Hawthorne,dhawthornedw@reverbnation.com,Female,170.138.4.86
1000502,Tyrone,Filippozzi,tfilippozzidx@europa.eu,Male,17.60.136.60
1000503,Lilith,Flott,lflottdy@yolasite.com,Female,146.98.134.75
1000504,Bank,Beynon,bbeynondz@cloudflare.com,Male,85.77.136.213
1000505,Gabe,Churchin,gchurchine0@census.gov,Male,245.86.223.119
1000506,Shane,Itzcovich,sitzcoviche1@bigcartel.com,Female,191.70.244.48
1000507,Jody,Dani,jdanie2@mozilla.com,Male,23.189.181.133
1000508,Evan,Sterman,estermane3@senate.gov,Male,150.131.43.180
1000509,Electra,Madison,emadisone4@mayoclinic.com,Female,251.28.91.70
1000510,Rozamond,Dosdill,rdosdille5@archive.org,Female,207.248.62.204
1000511,Katy,Farnes,kfarnese6@businesswire.com,Female,249.158.41.188
1000512,Hallsy,Petrik,hpetrike7@123-reg.co.uk,Male,120.91.134.189
1000513,Lee,Louedey,llouedeye8@java.com,Genderfluid,28.108.248.105
1000514,Essy,Threadgould,ethreadgoulde9@t-online.de,Non-binary,26.245.11.22
1000515,Daile,Arnaudot,darnaudotea@1und1.de,Female,248.66.129.153
1000516,Maury,Bostock,mbostockeb@wordpress.org,Genderfluid,12.84.127.180
1000517,Gavin,Bothams,gbothamsec@nsw.gov.au,Male,152.32.119.87
1000518,Sheryl,Bradnum,sbradnumed@rediff.com,Female,183.242.99.135
1000519,Derry,Getty,dgettyee@globo.com,Male,54.201.211.90
1000520,Inez,Denzey,idenzeyef@cmu.edu,Female,128.115.66.135
1000521,Melisent,Allenby,mallenbyeg@fda.gov,Female,57.216.42.182
1000522,Rolf,Youson,ryousoneh@gov.uk,Male,40.229.20.234
1000523,Donnell,Cupitt,dcupittei@army.mil,Male,54.145.135.195
1000524,Doralyn,Gayler,dgaylerej@gravatar.com,Female,147.111.140.6
1000525,Alfy,Voas,avoasek@nytimes.com,Male,139.213.176.239
1000526,Lamond,Skelhorn,lskelhornel@simplemachines.org,Male,50.112.77.88
1000527,Curcio,Cathro,ccathroem@icq.com,Male,132.174.130.141
1000528,Lyon,Wedderburn,lwedderburnen@plala.or.jp,Male,89.29.133.105
1000529,Kirbie,Howells,khowellseo@mtv.com,Female,37.235.164.20
1000530,Estell,Boggs,eboggsep@cafepress.com,Female,51.178.54.249
1000531,Reggie,Fice,rficeeq@soundcloud.com,Male,30.15.77.52
1000532,Hillyer,Fishburn,hfishburner@blogtalkradio.com,Male,101.43.162.171
1000533,Gerianna,Perrington,gperringtones@shinystat.com,Female,230.195.253.249
1000534,Cosimo,Borlease,cborleaseet@ted.com,Male,190.52.37.175
1000535,Edeline,Carreck,ecarreckeu@vkontakte.ru,Female,43.85.165.120
1000536,Charmaine,Rozenbaum,crozenbaumev@quantcast.com,Female,191.19.248.12
1000537,Ag,Outibridge,aoutibridgeew@domainmarket.com,Female,33.127.229.250
1000538,Manfred,Beynke,mbeynkeex@mashable.com,Male,230.226.198.42
1000539,Kissee,Normanvill,knormanvilley@prweb.com,Female,74.255.203.48
1000540,Bonni,Saunter,bsaunterez@go.com,Female,7.250.141.10
1000541,Alvina,Irnys,airnysf0@earthlink.net,Female,30.66.40.212
1000542,Jonis,Athow,jathowf1@360.cn,Female,160.229.64.123
1000543,Marabel,Piaggia,mpiaggiaf2@yale.edu,Female,149.255.101.140
1000544,Leeland,Billingham,lbillinghamf3@independent.co.uk,Male,201.155.247.202
1000545,Nap,Burchfield,nburchfieldf4@mac.com,Male,130.187.164.69
1000546,Tammi,Akker,takkerf5@nytimes.com,Female,173.55.215.120
1000547,Abbi,Salzburg,asalzburgf6@netlog.com,Female,168.241.71.108
1000548,Cello,Mackrill,cmackrillf7@woothemes.com,Genderfluid,167.192.51.137
1000549,Rafaela,Sand,rsandf8@hexun.com,Female,203.20.17.94
1000550,Augustina,Goodere,agooderef9@vkontakte.ru,Female,125.101.2.246
1000551,Lazarus,Spiers,lspiersfa@yandex.ru,Male,136.46.122.193
1000552,Woody,McAuley,wmcauleyfb@bluehost.com,Male,105.158.131.0
1000553,Johna,McComiskie,jmccomiskiefc@prnewswire.com,Female,126.21.121.88
1000554,Dorie,Faithfull,dfaithfullfd@squidoo.com,Female,192.241.148.115
1000555,Angelika,Weatherley,aweatherleyfe@yahoo.com,Female,234.36.225.21
1000556,Osbourne,McGarrity,omcgarrityff@bloomberg.com,Male,74.145.177.54
1000557,Corinna,Kleeman,ckleemanfg@mysql.com,Female,18.12.137.46
1000558,Maggie,Roeby,mroebyfh@tinypic.com,Female,140.5.223.105
1000559,Donalt,Hobbert,dhobbertfi@census.gov,Agender,108.240.5.40
1000560,Moise,Parnall,mparnallfj@wsj.com,Male,143.234.126.192
1000561,Wildon,Balharry,wbalharryfk@pen.io,Male,233.177.148.133
1000562,Gay,Musterd,gmusterdfl@washington.edu,Male,188.205.237.55
1000563,Mallissa,Sager,msagerfm@goo.ne.jp,Female,209.235.102.13
1000564,Guido,Guitel,gguitelfn@mtv.com,Male,17.211.253.193
1000565,Udell,Pinkstone,upinkstonefo@zdnet.com,Male,179.136.148.239
1000566,Nike,Gremane,ngremanefp@shareasale.com,Female,126.156.195.149
1000567,Rabbi,Sorensen,rsorensenfq@godaddy.com,Male,180.16.237.161
1000568,Megen,Skillett,mskillettfr@over-blog.com,Female,151.149.148.116
1000569,Gilles,Doget,gdogetfs@zdnet.com,Male,194.30.101.35
1000570,Dara,Wisham,dwishamft@bbb.org,Female,133.84.141.145
1000571,Padget,Bruckental,pbruckentalfu@tmall.com,Male,155.78.235.89
1000572,Bevin,Ive,bivefv@usnews.com,Male,29.7.229.207
1000573,Binky,Gaitskell,bgaitskellfw@people.com.cn,Genderqueer,69.127.223.241
1000574,Carmita,Midden,cmiddenfx@gnu.org,Female,39.220.74.84
1000575,Edvard,Garfoot,egarfootfy@businesswire.com,Male,17.44.173.87
1000576,Estevan,Sherar,esherarfz@fotki.com,Male,81.64.89.174
1000577,Godiva,Mitrikhin,gmitrikhing0@unicef.org,Female,251.90.152.129
1000578,Flemming,Gaskarth,fgaskarthg1@telegraph.co.uk,Male,20.103.83.241
1000579,Rozalin,Danton,rdantong2@narod.ru,Female,17.94.208.231
1000580,Viole,Leefe,vleefeg3@cam.ac.uk,Female,88.194.93.232
1000581,Terrill,Mahmood,tmahmoodg4@youku.com,Male,196.29.112.59
1000582,Barney,Fenny,bfennyg5@msn.com,Male,90.195.137.99
1000583,Kelsey,Sikorski,ksikorskig6@over-blog.com,Female,254.198.79.120
1000584,Paloma,Challinor,pchallinorg7@alexa.com,Female,14.28.16.10
1000585,Ranna,Beminster,rbeminsterg8@about.me,Female,146.237.90.41
1000586,Cecil,Carratt,ccarrattg9@ebay.co.uk,Female,189.92.9.1
1000587,Lacy,Dreng,ldrengga@1und1.de,Bigender,177.183.1.67
1000588,Aviva,Francino,afrancinogb@gravatar.com,Female,34.117.208.222
1000589,Ilyssa,Jerzyk,ijerzykgc@patch.com,Female,75.29.253.149
1000590,Tanhya,Furneaux,tfurneauxgd@vistaprint.com,Female,78.125.203.121
1000591,Mariya,Bindley,mbindleyge@bandcamp.com,Female,139.130.116.141
1000592,William,Sexten,wsextengf@yellowpages.com,Male,31.97.63.218
1000593,Beaufort,Cocklin,bcocklingg@webnode.com,Male,9.114.129.254
1000594,Jared,Harbinson,jharbinsongh@wikia.com,Male,6.237.242.43
1000595,Audy,Kilborn,akilborngi@statcounter.com,Female,117.85.133.97
1000596,Bobbee,Fahy,bfahygj@cnn.com,Polygender,65.82.220.149
1000597,Patricia,Crimes,pcrimesgk@princeton.edu,Female,23.181.128.131
1000598,Tani,Gaydon,tgaydongl@livejournal.com,Female,207.79.167.128
1000599,Terri-jo,Spanswick,tspanswickgm@nhs.uk,Female,37.110.57.67
1000600,Bendick,Knapper,bknappergn@google.cn,Male,6.95.186.66
1000601,Korella,Chatelet,kchateletgo@linkedin.com,Female,83.168.91.10
1000602,Amelie,Burges,aburgesgp@tinyurl.com,Genderfluid,6.253.252.201
1000603,Peirce,Headland,pheadlandgq@nifty.com,Male,168.121.31.183
1000604,Francklyn,Dana,fdanagr@addthis.com,Male,107.223.135.83
1000605,Neila,Blaxton,nblaxtongs@freewebs.com,Female,220.124.60.58
1000606,Roderich,Roff,rroffgt@technorati.com,Male,142.41.165.103
1000607,Suzann,Walkey,swalkeygu@thetimes.co.uk,Female,165.156.211.98
1000608,Jilly,Geeritz,jgeeritzgv@samsung.com,Female,101.112.81.67
1000609,Trude,Johanssen,tjohanssengw@ibm.com,Female,81.91.226.253
1000610,Michel,Drayn,mdrayngx@digg.com,Female,250.145.127.159
1000611,Blancha,Kew,bkewgy@typepad.com,Female,243.217.115.225
1000612,Lamar,Smallwood,lsmallwoodgz@histats.com,Male,31.132.64.209
1000613,Catina,Warboy,cwarboyh0@printfriendly.com,Female,190.165.188.228
1000614,Tommie,MacNelly,tmacnellyh1@home.pl,Female,236.27.242.243
1000615,Aundrea,Danett,adanetth2@prlog.org,Female,186.119.96.147
1000616,Janela,MacAskie,jmacaskieh3@desdev.cn,Female,136.87.4.120
1000617,Ulric,Currao,ucurraoh4@earthlink.net,Male,193.85.83.24
1000618,Carly,Beaver,cbeaverh5@github.com,Male,36.30.252.209
1000619,Nikolaos,Losbie,nlosbieh6@jiathis.com,Male,248.163.108.72
1000620,Basia,Offa,boffah7@sina.com.cn,Female,7.93.158.57
1000621,Hannis,Younge,hyoungeh8@meetup.com,Polygender,186.191.90.236
1000622,Happy,Iveans,hiveansh9@house.gov,Female,149.183.72.235
1000623,Corissa,Radki,cradkiha@drupal.org,Female,112.255.3.44
1000624,Reinold,Langhorne,rlanghornehb@t-online.de,Male,231.136.163.1
1000625,Boris,Cronin,bcroninhc@skype.com,Male,31.226.114.250
1000626,Kalina,Surgey,ksurgeyhd@acquirethisname.com,Female,58.124.22.195
1000627,Wayland,Greatbatch,wgreatbatchhe@nydailynews.com,Male,102.46.76.113
1000628,Rich,Mathiassen,rmathiassenhf@indiatimes.com,Male,244.91.50.89
1000629,Susy,Nicholes,snicholeshg@springer.com,Female,139.114.228.12
1000630,Giana,Weald,gwealdhh@hhs.gov,Female,112.18.223.23
1000631,Reginald,Dadson,rdadsonhi@time.com,Male,110.207.183.104
1000632,Harlen,Lodeke,hlodekehj@symantec.com,Male,226.87.68.200
1000633,Dallon,Cockin,dcockinhk@auda.org.au,Male,25.243.226.224
1000634,Kristopher,Shuttle,kshuttlehl@artisteer.com,Male,179.181.61.245
1000635,Jonathon,Dunnan,jdunnanhm@eventbrite.com,Male,42.230.112.189
1000636,Tine,Avramovich,tavramovichhn@github.com,Female,170.53.103.5
1000637,Edeline,Polye,epolyeho@homestead.com,Female,192.56.177.35
1000638,Therine,Robel,trobelhp@domainmarket.com,Female,150.51.133.182
1000639,Emery,Pawels,epawelshq@networkadvertising.org,Male,40.13.77.203
1000640,Grazia,Gietz,ggietzhr@jimdo.com,Bigender,12.223.30.70
1000641,Suzann,Hewertson,shewertsonhs@uol.com.br,Female,253.212.32.240
1000642,Mignonne,Summerell,msummerellht@ucsd.edu,Female,118.150.153.34
1000643,Margaretha,De Mattia,mdemattiahu@tumblr.com,Female,228.131.80.117
1000644,Webster,Claxton,wclaxtonhv@over-blog.com,Male,180.75.248.79
1000645,Kristian,Rawe,krawehw@statcounter.com,Bigender,36.218.178.44
1000646,Angeli,Gude,agudehx@cbsnews.com,Male,248.215.224.225
1000647,Wye,Lightowler,wlightowlerhy@ameblo.jp,Male,211.61.117.135
1000648,Ciro,Maharey,cmahareyhz@independent.co.uk,Male,98.68.157.177
1000649,Zacharia,Pharrow,zpharrowi0@eventbrite.com,Male,5.216.172.51
1000650,Christel,Lukins,clukinsi1@columbia.edu,Female,216.254.109.97
1000651,Joseito,Low,jlowi2@google.cn,Male,93.236.22.142
1000652,Jabez,Hessay,jhessayi3@nih.gov,Male,36.212.67.55
1000653,Ethe,Pettipher,epettipheri4@ft.com,Male,90.63.34.66
1000654,Sloane,Corkhill,scorkhilli5@xing.com,Male,163.96.81.134
1000655,Virgilio,Giannasi,vgiannasii6@hostgator.com,Male,204.217.158.14
1000656,Leigh,Riddel,lriddeli7@blog.com,Male,195.28.183.228
1000657,Edmon,Coomber,ecoomberi8@geocities.jp,Male,231.63.73.67
1000658,Rorie,Emmins,remminsi9@creativecommons.org,Genderfluid,244.115.199.95
1000659,Janeta,Buckhurst,jbuckhurstia@google.com.hk,Female,251.162.236.144
1000660,Alejandro,Folk,afolkib@apple.com,Male,113.93.131.222
1000661,Anneliese,Pickthall,apickthallic@dmoz.org,Female,183.162.136.4
1000662,Blondie,Passey,bpasseyid@ucoz.com,Female,6.139.239.65
1000663,Patrizius,Dobbin,pdobbinie@booking.com,Male,127.159.97.172
1000664,Inna,Lackham,ilackhamif@independent.co.uk,Female,15.229.70.168
1000665,Violette,Moan,vmoanig@google.com.br,Female,88.155.130.132
1000666,Charla,Rhubottom,crhubottomih@hexun.com,Female,214.143.158.61
1000667,Lisette,Yven,lyvenii@hexun.com,Female,186.126.2.201
1000668,Karil,Manuaud,kmanuaudij@geocities.jp,Female,250.51.23.104
1000669,Jeanne,Brookz,jbrookzik@loc.gov,Female,143.144.81.84
1000670,Isac,Goulden,igouldenil@jimdo.com,Male,45.136.0.154
1000671,Elicia,Lanfranchi,elanfranchiim@gravatar.com,Bigender,137.172.116.231
1000672,Clarey,Dewicke,cdewickein@ask.com,Female,120.205.241.166
1000673,Nikoletta,Wawer,nwawerio@pagesperso-orange.fr,Female,36.75.181.103
1000674,Andie,Dix,adixip@cnn.com,Male,188.43.244.230
1000675,Aldrich,Carlozzi,acarlozziiq@twitpic.com,Male,39.104.10.15
1000676,Obie,Lounds,oloundsir@japanpost.jp,Male,36.176.230.93
1000677,Marie-ann,Frye,mfryeis@quantcast.com,Female,110.67.1.0
1000678,Zeke,Della,zdellait@usa.gov,Male,217.66.146.32
1000679,Hernando,Powlett,hpowlettiu@goo.ne.jp,Male,4.89.201.252
1000680,Ewart,Griswood,egriswoodiv@china.com.cn,Male,216.244.132.160
1000681,Delores,Liddington,dliddingtoniw@prweb.com,Non-binary,154.109.139.58
1000682,Rossie,Luparti,rlupartiix@chronoengine.com,Male,178.196.123.181
1000683,Dalis,Wollaston,dwollastoniy@marriott.com,Male,9.208.243.228
1000684,Demetris,Whitty,dwhittyiz@360.cn,Female,6.112.206.218
1000685,Alejandro,Brimfield,abrimfieldj0@rediff.com,Male,73.222.25.128
1000686,Bella,Coleshill,bcoleshillj1@tumblr.com,Female,187.203.179.27
1000687,Jo-ann,Parzis,jparzisj2@topsy.com,Female,162.143.234.98
1000688,Shawn,Karet,skaretj3@psu.edu,Male,76.105.240.23
1000689,Bryant,Trustie,btrustiej4@miibeian.gov.cn,Male,156.165.150.94
1000690,Myrilla,Savaage,msavaagej5@google.com.hk,Female,155.96.154.162
1000691,Franni,Lewtey,flewteyj6@nytimes.com,Female,49.249.154.158
1000692,Alexander,Borg,aborgj7@sciencedirect.com,Male,180.24.175.14
1000693,Madelyn,McKenney,mmckenneyj8@springer.com,Female,36.254.246.90
1000694,Webster,Overell,woverellj9@ebay.com,Male,116.127.107.234
1000695,Romonda,Aslum,raslumja@wiley.com,Female,12.61.246.13
1000696,Robert,Cossins,rcossinsjb@europa.eu,Male,35.136.159.8
1000697,Aubrey,Lind,alindjc@hud.gov,Male,161.187.67.107
1000698,Lion,Whitmore,lwhitmorejd@msu.edu,Male,240.238.27.232
1000699,Rhett,Devany,rdevanyje@ehow.com,Male,95.178.22.36
1000700,Trent,Rickword,trickwordjf@hugedomains.com,Male,49.195.150.144
1000701,Kristan,Winterbottom,kwinterbottomjg@acquirethisname.com,Female,22.254.28.158
1000702,Darin,Fowler,dfowlerjh@microsoft.com,Male,55.124.243.240
1000703,Art,Rudinger,arudingerji@engadget.com,Male,196.6.112.8
1000704,Brennen,Petett,bpetettjj@usatoday.com,Male,131.148.57.173
1000705,Mitchell,Furse,mfursejk@ucoz.com,Male,82.47.94.163
1000706,Bette-ann,Petrou,bpetroujl@wordpress.org,Female,16.13.171.255
1000707,Paige,Raigatt,praigattjm@sitemeter.com,Female,230.213.77.0
1000708,Rochette,Galier,rgalierjn@biglobe.ne.jp,Female,160.235.75.166
1000709,Stefanie,Durno,sdurnojo@fastcompany.com,Female,21.66.72.94
1000710,Donnamarie,Fishbourn,dfishbournjp@amazonaws.com,Female,12.3.118.229
1000711,Burke,Barritt,bbarrittjq@fema.gov,Male,205.94.150.114
1000712,Phyllis,Pulteneye,ppulteneyejr@mysql.com,Female,105.237.64.190
1000713,Pall,Cunradi,pcunradijs@bravesites.com,Male,135.196.246.230
1000714,Briney,Gladdin,bgladdinjt@ebay.com,Female,236.224.199.167
1000715,Wolfie,Senett,wsenettju@fotki.com,Male,70.172.81.133
1000716,Roxine,Barwick,rbarwickjv@cyberchimps.com,Female,12.171.178.110
1000717,Jesse,Diche,jdichejw@is.gd,Female,197.82.98.44
1000718,Pepillo,Hatliff,phatliffjx@163.com,Male,33.37.44.7
1000719,Paolo,Eakin,peakinjy@prweb.com,Male,31.93.250.196
1000720,Adler,Crosbie,acrosbiejz@tumblr.com,Male,157.35.15.92
1000721,Nicole,Gosker,ngoskerk0@skype.com,Female,101.200.106.251
1000722,El,Rivalant,erivalantk1@apache.org,Male,81.134.76.154
1000723,Celisse,Cawthera,ccawtherak2@ning.com,Female,67.140.93.46
1000724,Tandy,Slocombe,tslocombek3@mapy.cz,Female,12.70.82.222
1000725,Harmonie,Flipek,hflipekk4@reuters.com,Female,233.250.153.143
1000726,Tedie,Lethbridge,tlethbridgek5@hud.gov,Male,217.84.252.221
1000727,Avrit,Genn,agennk6@redcross.org,Female,168.218.229.132
1000728,Udell,Eager,ueagerk7@soundcloud.com,Male,173.6.27.110
1000729,Vally,Ballin,vballink8@is.gd,Female,66.243.175.38
1000730,Boycey,Lofthouse,blofthousek9@bandcamp.com,Male,179.209.245.55
1000731,Lilia,Mordecai,lmordecaika@istockphoto.com,Female,45.39.139.123
1000732,Sayre,McDell,smcdellkb@etsy.com,Male,226.20.16.90
1000733,Kleon,Davidai,kdavidaikc@marriott.com,Male,187.234.181.217
1000734,Oralle,Mawtus,omawtuskd@odnoklassniki.ru,Female,164.66.103.162
1000735,Elizabet,Sainteau,esainteauke@gizmodo.com,Female,154.51.253.39
1000736,Carolan,Alliban,callibankf@myspace.com,Female,50.134.199.142
1000737,Ashton,Trippett,atrippettkg@sun.com,Male,210.56.25.128
1000738,Walt,Starmer,wstarmerkh@opera.com,Male,25.225.165.173
1000739,Drucie,Jentin,djentinki@nifty.com,Female,54.101.139.190
1000740,Tull,Ebdon,tebdonkj@ezinearticles.com,Male,25.16.147.41
1000741,Florian,Dodding,fdoddingkk@i2i.jp,Male,217.216.33.75
1000742,Heywood,Caldecutt,hcaldecuttkl@surveymonkey.com,Male,185.17.57.76
1000743,Konstantine,Cowgill,kcowgillkm@live.com,Male,67.60.227.44
1000744,Cherri,Watkins,cwatkinskn@smh.com.au,Female,145.112.139.194
1000745,Brok,Imlock,bimlockko@latimes.com,Male,55.121.103.94
1000746,Vaughan,Whyborne,vwhybornekp@trellian.com,Non-binary,19.55.105.76
1000747,Gabriel,Guite,gguitekq@tinyurl.com,Male,6.11.236.227
1000748,Faunie,Kersting,fkerstingkr@comcast.net,Female,239.251.34.252
1000749,Carolina,Rominov,crominovks@sitemeter.com,Non-binary,152.193.148.251
1000750,Karna,Arthy,karthykt@bloglines.com,Female,247.57.31.211
1000751,Lek,Ludmann,lludmannku@google.it,Male,86.108.103.194
1000752,Elias,Toffolini,etoffolinikv@admin.ch,Male,162.99.60.128
1000753,Granthem,Christofe,gchristofekw@hc360.com,Male,130.225.65.185
1000754,Dido,Shakeshaft,dshakeshaftkx@google.com,Female,31.151.30.30
1000755,Beverie,Haresign,bharesignky@amazon.co.jp,Female,245.112.43.113
1000756,Winonah,Sybbe,wsybbekz@people.com.cn,Female,99.162.65.94
1000757,Nat,MacMakin,nmacmakinl0@huffingtonpost.com,Male,140.129.48.3
1000758,Fulton,Cornbill,fcornbilll1@unesco.org,Non-binary,98.188.230.151
1000759,Row,Dreye,rdreyel2@wikia.com,Female,163.15.55.142
1000760,Sheryl,Bunney,sbunneyl3@dell.com,Female,157.175.158.199
1000761,Lyndel,Kamiyama,lkamiyamal4@sbwire.com,Female,63.200.79.156
1000762,Lilian,Doggrell,ldoggrelll5@irs.gov,Female,88.192.48.223
1000763,Emmie,Solan,esolanl6@census.gov,Female,103.136.248.102
1000764,Joe,Crut,jcrutl7@hp.com,Male,184.72.204.147
1000765,Jacintha,Khadir,jkhadirl8@redcross.org,Female,19.179.75.32
1000766,Florrie,Sidden,fsiddenl9@discovery.com,Female,75.214.212.3
1000767,Ynes,Kopmann,ykopmannla@artisteer.com,Female,158.61.122.22
1000768,Corri,Sambrok,csambroklb@omniture.com,Female,55.204.52.167
1000769,Brandon,Juris,bjurislc@last.fm,Male,11.84.47.151
1000770,Onfroi,McJarrow,omcjarrowld@ca.gov,Male,80.171.124.5
1000771,Stanton,Tiffin,stiffinle@ameblo.jp,Male,68.227.53.14
1000772,Eward,Gregorace,egregoracelf@uiuc.edu,Male,33.198.208.87
1000773,Cristiano,Haymes,chaymeslg@ucsd.edu,Male,74.168.183.113
1000774,Corbett,Anger,cangerlh@google.ca,Male,212.106.147.253
1000775,Portie,Blasius,pblasiusli@jigsy.com,Male,190.96.228.216
1000776,Prinz,Dinnington,pdinningtonlj@slideshare.net,Male,138.82.131.136
1000777,Cindee,Martignoni,cmartignonilk@blinklist.com,Female,57.229.3.117
1000778,Verile,Dallman,vdallmanll@noaa.gov,Female,96.69.144.114
1000779,Klara,O'Doogan,kodooganlm@microsoft.com,Female,177.22.199.49
1000780,Torrence,Stucksbury,tstucksburyln@technorati.com,Male,221.94.57.221
1000781,Mattias,Dongate,mdongatelo@1688.com,Polygender,248.106.80.82
1000782,Yoshiko,Gaisford,ygaisfordlp@globo.com,Female,2.184.16.41
1000783,Halette,Orviss,horvisslq@ocn.ne.jp,Female,28.16.253.117
1000784,Yale,Laise,ylaiselr@sfgate.com,Male,215.9.38.226
1000785,Kendall,MacKimm,kmackimmls@buzzfeed.com,Male,88.90.49.117
1000786,Maison,Reams,mreamslt@ft.com,Male,232.243.182.154
1000787,Ambrosi,Vedeneev,avedeneevlu@europa.eu,Male,39.23.47.191
1000788,Arman,Rodgerson,arodgersonlv@deviantart.com,Agender,203.238.58.191
1000789,Sayers,Sells,ssellslw@360.cn,Male,176.196.40.255
1000790,Irwinn,McMaster,imcmasterlx@dailymotion.com,Male,241.187.16.79
1000791,Arie,Gyrgorcewicx,agyrgorcewicxly@wikispaces.com,Male,141.118.145.76
1000792,Karole,Moncreif,kmoncreiflz@wikipedia.org,Female,215.29.234.0
1000793,Joleen,Sturdgess,jsturdgessm0@plala.or.jp,Female,189.106.250.94
1000794,Hollis,Cornbill,hcornbillm1@vk.com,Male,219.147.86.127
1000795,Randie,Adan,radanm2@pen.io,Male,205.20.150.234
1000796,Vivyan,De Dantesie,vdedantesiem3@exblog.jp,Female,3.245.247.254
1000797,Garner,Carlson,gcarlsonm4@wired.com,Male,94.163.138.106
1000798,Marion,Laborde,mlabordem5@sciencedaily.com,Male,138.186.231.223
1000799,Anderson,Clapp,aclappm6@reference.com,Male,222.174.16.46
1000800,Eberto,Dufaire,edufairem7@drupal.org,Male,80.201.253.88
1000801,Jorge,Simoncello,jsimoncellom8@shareasale.com,Male,5.76.174.17
1000802,Leese,Viste,lvistem9@exblog.jp,Female,240.31.20.1
1000803,Valina,Dalgliesh,vdalglieshma@instagram.com,Female,248.132.196.138
1000804,Judye,Garmons,jgarmonsmb@cloudflare.com,Genderqueer,200.34.90.85
1000805,Jessika,Schimann,jschimannmc@foxnews.com,Polygender,175.190.102.229
1000806,Bogey,Croxon,bcroxonmd@mlb.com,Male,47.217.53.148
1000807,Lambert,Zipsell,lzipsellme@fastcompany.com,Male,173.221.207.132
1000808,Ferdinanda,Giffen,fgiffenmf@blinklist.com,Female,158.55.200.76
1000809,Nydia,Cowell,ncowellmg@ft.com,Female,211.1.125.144
1000810,Wilona,Wilse,wwilsemh@dell.com,Female,50.128.175.74
1000811,Casar,Chastel,cchastelmi@istockphoto.com,Male,143.214.99.105
1000812,Tilly,Samwaye,tsamwayemj@imdb.com,Female,65.21.232.10
1000813,Hanna,Rossant,hrossantmk@nytimes.com,Female,137.60.153.19
1000814,Fitzgerald,Cornick,fcornickml@arizona.edu,Male,153.3.129.132
1000815,Denney,Wulfinger,dwulfingermm@slate.com,Male,27.128.84.173
1000816,Fredia,Sterley,fsterleymn@squarespace.com,Female,10.103.91.97
1000817,Florance,Penvarne,fpenvarnemo@state.gov,Female,204.88.158.220
1000818,Elsy,Smittoune,esmittounemp@instagram.com,Agender,160.55.81.167
1000819,Raleigh,Shergold,rshergoldmq@opensource.org,Male,231.37.188.72
1000820,Kriste,Doe,kdoemr@wsj.com,Female,208.194.175.198
1000821,Ax,Fairnie,afairniems@adobe.com,Male,129.241.7.228
1000822,Belva,Larner,blarnermt@sina.com.cn,Female,177.138.177.148
1000823,Nert,Lowre,nlowremu@slideshare.net,Female,70.127.136.226
1000824,Carmon,Durnall,cdurnallmv@1688.com,Female,142.77.145.34
1000825,Donnamarie,Bourcq,dbourcqmw@trellian.com,Female,104.42.55.129
1000826,Celestina,Habbeshaw,chabbeshawmx@wunderground.com,Female,235.79.46.72
1000827,Lenci,Ealden,lealdenmy@facebook.com,Male,9.22.49.158
1000828,Eba,Morrowe,emorrowemz@addtoany.com,Female,22.192.60.165
1000829,Rivalee,Blain,rblainn0@sakura.ne.jp,Polygender,189.63.32.192
1000830,Gary,Bigham,gbighamn1@salon.com,Bigender,74.96.97.206
1000831,Devondra,Fawloe,dfawloen2@facebook.com,Female,211.76.173.103
1000832,Maria,Rosetti,mrosettin3@bbc.co.uk,Female,97.246.44.209
1000833,Galven,Huntress,ghuntressn4@dailymotion.com,Male,133.7.178.78
1000834,Melvyn,Impett,mimpettn5@smh.com.au,Male,189.233.134.103
1000835,Brina,Housego,bhousegon6@ft.com,Female,194.246.76.244
1000836,Clevie,Hayen,chayenn7@tumblr.com,Male,240.207.23.214
1000837,Jayson,Little,jlittlen8@de.vu,Male,254.245.99.23
1000838,Anselm,Scahill,ascahilln9@acquirethisname.com,Male,54.151.206.185
1000839,Sharlene,Thring,sthringna@wisc.edu,Female,54.181.125.235
1000840,Maia,Pearmain,mpearmainnb@hud.gov,Female,149.59.217.245
1000841,Lucio,Dabs,ldabsnc@dagondesign.com,Male,199.56.3.218
1000842,Gunther,MacPhee,gmacpheend@list-manage.com,Male,46.130.30.84
1000843,Roana,Dollimore,rdollimorene@purevolume.com,Female,187.168.136.35
1000844,Toddie,Dellenbach,tdellenbachnf@amazon.co.uk,Male,162.208.222.174
1000845,Calypso,Consterdine,cconsterdineng@taobao.com,Female,124.231.188.75
1000846,Gwenny,Petch,gpetchnh@netvibes.com,Female,176.119.61.178
1000847,Corena,Neesham,cneeshamni@wikimedia.org,Female,223.194.252.125
1000848,Nicol,Sprott,nsprottnj@scribd.com,Male,112.251.21.189
1000849,Maye,Bartaloni,mbartalonink@newsvine.com,Female,33.31.62.91
1000850,Langston,Haysham,lhayshamnl@jimdo.com,Male,44.94.49.223
1000851,Shawna,Domoney,sdomoneynm@ox.ac.uk,Female,249.43.236.22
1000852,Kevina,Isakov,kisakovnn@cmu.edu,Female,17.185.148.213
1000853,Maurie,Stubbes,mstubbesno@washingtonpost.com,Polygender,250.210.11.215
1000854,Filmore,Shelly,fshellynp@google.ru,Bigender,175.111.227.124
1000855,Si,Dobbyn,sdobbynnq@amazon.co.jp,Male,157.124.31.87
1000856,Edie,Romeuf,eromeufnr@zimbio.com,Female,197.251.59.203
1000857,Alva,Lester,alesterns@purevolume.com,Male,167.150.207.64
1000858,Kalila,Caban,kcabannt@buzzfeed.com,Female,86.150.116.216
1000859,Ellissa,Mallock,emallocknu@ted.com,Female,73.251.138.8
1000860,Emilia,Lilion,elilionnv@storify.com,Female,120.128.247.84
1000861,Marcel,Wardle,mwardlenw@utexas.edu,Male,110.71.52.167
1000862,Skyler,Arthan,sarthannx@angelfire.com,Male,254.71.40.192
1000863,Christy,Gimbart,cgimbartny@eepurl.com,Male,100.79.84.145
1000864,Rebeca,Strut,rstrutnz@techcrunch.com,Female,31.132.17.166
1000865,Tonya,Shambrook,tshambrooko0@yahoo.com,Female,198.102.106.245
1000866,Ase,Ashard,aashardo1@theatlantic.com,Male,245.215.99.70
1000867,Vassili,Claiton,vclaitono2@opensource.org,Male,20.14.36.68
1000868,Gena,Burless,gburlesso3@google.ca,Female,3.49.24.35
1000869,Shae,Casella,scasellao4@google.co.jp,Genderfluid,192.168.236.34
1000870,Bern,Bladon,bbladono5@microsoft.com,Bigender,96.21.97.136
1000871,Erick,Joincey,ejoinceyo6@i2i.jp,Male,105.209.106.136
1000872,Andriana,Gribbon,agribbono7@discuz.net,Genderfluid,134.182.62.154
1000873,Greggory,Shawl,gshawlo8@shutterfly.com,Male,61.74.65.110
1000874,Eachelle,Smidmor,esmidmoro9@i2i.jp,Female,88.135.13.248
1000875,Dulcinea,De Benedictis,ddebenedictisoa@desdev.cn,Female,45.0.143.203
1000876,Olivier,Carmichael,ocarmichaelob@t-online.de,Male,245.157.192.220
1000877,Robby,Doy,rdoyoc@sohu.com,Male,47.107.102.220
1000878,Selma,Duester,sduesterod@fema.gov,Female,106.41.203.24
1000879,Yoshiko,Maitland,ymaitlandoe@issuu.com,Female,66.196.177.56
1000880,Cecilio,Scane,cscaneof@fema.gov,Male,173.86.255.234
1000881,Jemima,Stygall,jstygallog@imdb.com,Female,47.241.250.245
1000882,Suzanne,Scneider,sscneideroh@smh.com.au,Female,73.107.124.189
1000883,Godfree,Bartelot,gbartelotoi@stanford.edu,Male,176.138.31.14
1000884,Glory,Fillon,gfillonoj@wordpress.org,Female,219.23.202.64
1000885,Chantal,Swyn,cswynok@unblog.fr,Female,170.190.124.27
1000886,Tedman,Bour,tbourol@fastcompany.com,Male,170.195.60.116
1000887,Raynard,Derobert,rderobertom@dailymotion.com,Genderqueer,69.156.233.38
1000888,Tristam,Cockayme,tcockaymeon@slashdot.org,Male,102.37.109.168
1000889,Javier,Tremouille,jtremouilleoo@over-blog.com,Male,138.150.66.48
1000890,Calvin,Crinson,ccrinsonop@bing.com,Male,130.239.233.234
1000891,Valry,Abbatucci,vabbatuccioq@dagondesign.com,Female,75.154.144.66
1000892,Chancey,Cornfield,ccornfieldor@marketwatch.com,Agender,24.22.35.7
1000893,Conant,Cardew,ccardewos@pinterest.com,Male,35.208.175.175
1000894,Donnamarie,Vertigan,dvertiganot@yolasite.com,Female,173.55.206.125
1000895,Reginauld,Woollard,rwoollardou@europa.eu,Male,211.226.242.163
1000896,Korey,Stanway,kstanwayov@census.gov,Male,217.14.28.65
1000897,Mable,Crosser,mcrosserow@deviantart.com,Female,237.129.4.181
1000898,Candida,Scutcheon,cscutcheonox@homestead.com,Agender,132.70.17.172
1000899,Andros,Swadon,aswadonoy@sogou.com,Male,51.62.253.113
1000900,Penrod,Frill,pfrilloz@moonfruit.com,Bigender,189.170.21.217
1000901,Bondon,Lowfill,blowfillp0@google.fr,Male,145.195.54.144
1000902,Rouvin,Mingus,rmingusp1@csmonitor.com,Male,39.154.160.34
1000903,Early,Ringsell,eringsellp2@samsung.com,Male,213.189.29.67
1000904,Milly,Catonne,mcatonnep3@lycos.com,Female,6.87.135.146
1000905,Elisha,Cordelle,ecordellep4@nasa.gov,Female,174.46.163.189
1000906,Matthieu,Cunnah,mcunnahp5@who.int,Male,20.234.71.231
1000907,Arlen,Stiger,astigerp6@reddit.com,Female,198.145.65.53
1000908,Xenia,Graddon,xgraddonp7@360.cn,Female,18.3.142.7
1000909,Angelia,Gilhooly,agilhoolyp8@statcounter.com,Female,211.59.212.202
1000910,Stephenie,Pablo,spablop9@barnesandnoble.com,Female,212.99.109.239
1000911,Jon,Tugwell,jtugwellpa@zdnet.com,Male,50.220.173.181
1000912,Dorie,Muro,dmuropb@dagondesign.com,Female,93.31.85.196
1000913,Morty,Pardue,mparduepc@psu.edu,Male,120.192.198.106
1000914,Kalinda,Khomin,kkhominpd@earthlink.net,Female,143.234.239.214
1000915,Pooh,Grimmer,pgrimmerpe@shop-pro.jp,Male,1.186.241.189
1000916,Alair,Spiby,aspibypf@topsy.com,Male,123.176.237.161
1000917,Terza,Nicely,tnicelypg@altervista.org,Female,204.41.111.147
1000918,Greggory,Yaknov,gyaknovph@nasa.gov,Male,155.204.164.84
1000919,Myrle,Londer,mlonderpi@php.net,Female,129.85.62.15
1000920,Omar,Ahrendsen,oahrendsenpj@wikipedia.org,Male,47.25.102.25
1000921,Bartram,Mugridge,bmugridgepk@geocities.com,Male,231.51.247.255
1000922,Bambi,Rhys,brhyspl@altervista.org,Female,162.89.8.117
1000923,Janaya,Baumford,jbaumfordpm@alexa.com,Female,249.65.203.195
1000924,Christy,Bengochea,cbengocheapn@salon.com,Female,195.118.138.186
1000925,Marja,Quemby,mquembypo@scientificamerican.com,Female,164.75.142.30
1000926,Othella,Bamborough,obamboroughpp@sbwire.com,Female,173.111.26.69
1000927,Adria,Rawnsley,arawnsleypq@google.fr,Female,101.37.135.74
1000928,Durante,Doby,ddobypr@imageshack.us,Male,43.139.226.244
1000929,Mattie,Raffeorty,mraffeortyps@github.io,Male,170.97.1.230
1000930,Sidonnie,Clingan,sclinganpt@jugem.jp,Genderfluid,231.169.255.145
1000931,Theresita,Burch,tburchpu@sciencedaily.com,Female,83.34.60.160
1000932,Denis,Bexley,dbexleypv@youtu.be,Male,170.49.42.3
1000933,Ulla,La Vigne,ulavignepw@nifty.com,Female,113.231.117.170
1000934,Ely,Stump,estumppx@amazon.co.jp,Male,192.208.47.152
1000935,Xavier,Jolliman,xjollimanpy@simplemachines.org,Agender,134.127.210.8
1000936,Jeanette,Treske,jtreskepz@adobe.com,Female,122.132.227.217
1000937,Armstrong,Kantor,akantorq0@cafepress.com,Male,42.202.168.145
1000938,Persis,Matschoss,pmatschossq1@yellowpages.com,Female,38.128.133.65
1000939,Marco,Searson,msearsonq2@woothemes.com,Male,56.193.168.136
1000940,Wynne,Mars,wmarsq3@dailymotion.com,Female,241.7.94.168
1000941,Laney,Leipoldt,lleipoldtq4@flavors.me,Male,83.108.143.185
1000942,Aloysius,Jiggen,ajiggenq5@state.tx.us,Male,15.214.239.81
1000943,Darrick,Dunne,ddunneq6@delicious.com,Non-binary,51.44.14.138
1000944,Piper,Andrassy,pandrassyq7@yellowpages.com,Female,181.120.57.224
1000945,Harris,Winters,hwintersq8@1688.com,Male,238.142.61.72
1000946,Lucho,MacDuffie,lmacduffieq9@instagram.com,Male,159.23.164.53
1000947,Perrine,Richard,prichardqa@archive.org,Female,225.118.46.174
1000948,Liam,Newport,lnewportqb@yellowpages.com,Male,253.218.76.29
1000949,Merrie,Wethered,mwetheredqc@tuttocitta.it,Female,222.135.187.153
1000950,Hector,Hawksworth,hhawksworthqd@springer.com,Non-binary,97.75.8.122
1000951,Nigel,Gawkroge,ngawkrogeqe@phpbb.com,Genderfluid,57.222.249.204
1000952,Blane,Beinke,bbeinkeqf@ning.com,Male,49.81.141.209
1000953,Kermit,Averay,kaverayqg@tripod.com,Agender,91.202.243.95
1000954,Mindy,Laboune,mlabouneqh@bravesites.com,Female,63.40.81.15
1000955,Allister,Hentze,ahentzeqi@qq.com,Male,178.245.149.194
1000956,Pasquale,Piercey,ppierceyqj@google.fr,Male,71.14.128.153
1000957,Chrisse,Dwelling,cdwellingqk@php.net,Male,12.207.11.152
1000958,Layton,Quixley,lquixleyql@yahoo.co.jp,Male,137.146.13.105
1000959,Lannie,Gosford,lgosfordqm@facebook.com,Male,225.62.238.215
1000960,Mohandas,Hazeley,mhazeleyqn@smugmug.com,Male,61.145.252.221
1000961,Launce,Hubbuck,lhubbuckqo@dion.ne.jp,Male,233.165.140.182
1000962,Ebba,Greatrex,egreatrexqp@wikipedia.org,Female,241.178.24.107
1000963,Shayne,Skyner,sskynerqq@yahoo.com,Male,77.240.171.167
1000964,Fielding,Bonfield,fbonfieldqr@apple.com,Male,67.250.208.157
1000965,Melisa,MacLardie,mmaclardieqs@fema.gov,Female,52.171.140.202
1000966,Jone,Scrivner,jscrivnerqt@berkeley.edu,Male,43.11.35.236
1000967,Melessa,Surgeoner,msurgeonerqu@gov.uk,Agender,216.23.250.63
1000968,Miguelita,Kleis,mkleisqv@1und1.de,Genderfluid,176.248.165.188
1000969,Mella,Leatherland,mleatherlandqw@clickbank.net,Female,217.21.193.60
1000970,Christa,Vaskin,cvaskinqx@senate.gov,Female,10.55.65.44
1000971,Leslie,Gierek,lgierekqy@house.gov,Male,22.71.43.8
1000972,Cassey,Vautrey,cvautreyqz@goo.gl,Female,119.250.86.202
1000973,Cosetta,De Moreno,cdemorenor0@uol.com.br,Female,149.83.254.127
1000974,Kimball,Kleinhaut,kkleinhautr1@google.ru,Male,194.153.194.25
1000975,Fergus,Jeans,fjeansr2@hexun.com,Male,150.175.241.185
1000976,Jemmy,Ipplett,jipplettr3@imgur.com,Genderqueer,202.173.135.77
1000977,Fifine,MacRinn,fmacrinnr4@sbwire.com,Female,227.174.162.93
1000978,Moira,Muzzillo,mmuzzillor5@businesswire.com,Genderqueer,49.52.244.74
1000979,Celine,Marusic,cmarusicr6@narod.ru,Female,123.3.48.190
1000980,Cristen,Gouny,cgounyr7@com.com,Female,17.131.140.117
1000981,Dorella,Pietruszka,dpietruszkar8@abc.net.au,Female,251.62.69.0
1000982,Isacco,Pinar,ipinarr9@bandcamp.com,Male,192.137.30.143
1000983,Roxanna,Dimelow,rdimelowra@slideshare.net,Female,223.45.217.133
1000984,Keelby,McChesney,kmcchesneyrb@yahoo.co.jp,Male,88.183.247.34
1000985,Neely,Thoms,nthomsrc@xinhuanet.com,Non-binary,73.11.94.252
1000986,Cole,Von Brook,cvonbrookrd@fc2.com,Male,86.21.62.162
1000987,Jillana,Gatenby,jgatenbyre@imgur.com,Female,126.211.78.9
1000988,Lamar,Cullinan,lcullinanrf@usatoday.com,Genderqueer,204.84.56.129
1000989,Linc,Trenouth,ltrenouthrg@mapquest.com,Male,84.111.54.1
1000990,Elna,MacGaffey,emacgaffeyrh@miibeian.gov.cn,Agender,181.160.130.240
1000991,Basia,Cours,bcoursri@twitter.com,Female,111.177.99.193
1000992,Abran,Le Floch,aleflochrj@topsy.com,Male,184.40.116.130
1000993,Xenia,Flacknoe,xflacknoerk@t.co,Female,96.159.191.110
1000994,Clea,Thorby,cthorbyrl@hp.com,Genderqueer,195.147.95.61
1000995,Reginauld,Poppleton,rpoppletonrm@epa.gov,Male,180.19.213.125
1000996,Crawford,Ebbett,cebbettrn@com.com,Male,114.52.109.85
1000997,Octavius,Newbury,onewburyro@timesonline.co.uk,Male,252.189.51.2
1000998,Orren,Minchi,ominchirp@cam.ac.uk,Male,195.235.40.192
1000999,Trey,Gras,tgrasrq@skype.com,Male,142.64.120.2
10001000,Aurthur,Temperley,atemperleyrr@comsenz.com,Male,247.182.219.121
