id,first_name,last_name,email,gender,ip_address
1,Hayward,Kilmary,hkilmary0@engadget.com,Male,41.50.184.245
2,Austen,Innwood,ainnwood1@imgur.com,Male,84.166.191.66
3,Chauncey,Saundercock,csaundercock2@sfgate.com,Genderqueer,29.229.233.240
4,Jessy,Vina,jvina3@un.org,Female,20.199.69.228
5,Alejandra,McKague,amckague4@theglobeandmail.com,Female,149.109.16.42
6,Sheffy,Rump,srump5@trellian.com,Male,146.165.234.233
7,Adey,Smelley,asmelley6@about.com,Agender,110.85.96.48
8,Georgina,Wainwright,gwainwright7@linkedin.com,Female,56.54.177.27
9,Rancell,Badman,rbadman8@usa.gov,Genderfluid,207.126.132.1
10,Susana,Yakovich,syakovich9@acquirethisname.com,Female,97.160.147.242
11,Farrah,Haskayne,fhaskaynea@ucsd.edu,Female,222.89.4.236
12,Chucho,Okey,cokeyb@samsung.com,Male,84.154.157.159
13,Mariann,Flicker,mflickerc@msn.com,Female,232.249.140.15
14,Fredelia,Order,forderd@spotify.com,Female,59.16.206.252
15,Alina,Hearon,ahearone@hp.com,Female,236.220.10.208
16,Guglielmo,Scarfe,gscarfef@comsenz.com,Male,135.126.207.220
17,Gardiner,Abbotson,gabbotsong@bbc.co.uk,Male,15.250.131.29
18,Shauna,Macieiczyk,smacieiczykh@symantec.com,Female,182.147.149.24
19,Alva,Garmans,agarmansi@columbia.edu,Male,61.12.150.251
20,Gill,Barsham,gbarshamj@live.com,Male,210.94.112.194
21,Henrieta,Fasse,hfassek@seattletimes.com,Female,217.223.90.91
22,Grant,Haquard,ghaquardl@so-net.ne.jp,Male,208.238.33.123
23,Englebert,Errichiello,eerrichiellom@ehow.com,Male,205.213.146.107
24,Paddie,Danskine,pdanskinen@furl.net,Male,79.79.60.180
25,Englebert,Figgs,efiggso@indiegogo.com,Male,150.171.0.120
26,Shanie,Cellier,scellierp@google.fr,Female,205.80.126.212
27,Natale,Swaysland,nswayslandq@taobao.com,Male,221.90.200.24
28,Norris,Nys,nnysr@squidoo.com,Male,77.107.8.94
29,Bron,Aguirre,baguirres@myspace.com,Male,9.65.242.193
30,Barbabra,Giles,bgilest@ftc.gov,Female,131.211.227.14
31,Winston,Lau,wlauu@japanpost.jp,Male,175.57.208.36
32,Ingaborg,Stores,istoresv@wiley.com,Female,55.125.136.108
33,Danya,Skipsey,dskipseyw@cnn.com,Male,250.124.89.238
34,Dyanna,Cridlan,dcridlanx@va.gov,Female,249.18.225.148
35,Haley,Skirvin,hskirviny@economist.com,Female,130.226.180.82
36,Annabela,Knipe,aknipez@ezinearticles.com,Female,39.190.137.75
37,Alexandra,Dibdall,adibdall10@yellowpages.com,Genderfluid,135.230.95.72
38,Bart,Castiglio,bcastiglio11@google.it,Male,30.100.130.54
39,Danica,Marciskewski,dmarciskewski12@zimbio.com,Female,4.43.40.202
40,Hally,Yedall,hyedall13@bandcamp.com,Female,2.181.68.68
41,Cathrin,Pockett,cpockett14@go.com,Female,235.184.150.212
42,Danielle,Langshaw,dlangshaw15@sogou.com,Female,225.240.10.90
43,Bryanty,Marlen,bmarlen16@toplist.cz,Male,171.2.237.39
44,Hadrian,Shakelade,hshakelade17@amazonaws.com,Male,71.132.233.180
45,Nannette,Mottini,nmottini18@homestead.com,Female,159.14.52.145
46,Shanon,Gatlin,sgatlin19@kickstarter.com,Female,55.60.157.170
47,Nick,Geroldi,ngeroldi1a@imdb.com,Male,52.215.127.47
48,Boy,McGilvra,bmcgilvra1b@nps.gov,Male,229.9.192.247
49,Isabella,Bambury,ibambury1c@whitehouse.gov,Genderqueer,124.205.224.107
50,Adriano,Shoppee,ashoppee1d@ocn.ne.jp,Male,105.81.165.196
51,Sue,Roelofs,sroelofs1e@abc.net.au,Female,43.54.52.29
52,Rosy,Kemmons,rkemmons1f@state.tx.us,Female,209.36.232.135
53,Franzen,Tchaikovsky,ftchaikovsky1g@senate.gov,Male,255.32.245.15
54,Magda,Giraldo,mgiraldo1h@amazon.de,Female,174.216.197.118
55,Duane,Falloon,dfalloon1i@fema.gov,Male,113.88.200.146
56,Cleo,Cragg,ccragg1j@java.com,Female,192.52.172.74
57,Ozzie,Cicullo,ocicullo1k@google.com.br,Male,181.157.124.24
58,Ketty,Eyton,keyton1l@disqus.com,Female,1.138.206.128
59,Graham,Allcott,gallcott1m@naver.com,Male,22.83.72.25
60,Nathanial,Laughnan,nlaughnan1n@ucsd.edu,Male,89.215.104.61
61,Xena,Klimochkin,xklimochkin1o@blog.com,Female,77.61.44.17
62,Katalin,Ephson,kephson1p@nih.gov,Female,65.35.219.35
63,Andrej,Stenner,astenner1q@sogou.com,Male,149.163.81.47
64,Bernard,Howell,bhowell1r@1und1.de,Genderqueer,39.9.197.164
65,Brennen,Vasilkov,bvasilkov1s@unicef.org,Male,124.23.150.188
66,Coletta,Archard,carchard1t@senate.gov,Female,225.194.215.206
67,Cliff,O' Culligan,coculligan1u@telegraph.co.uk,Male,143.9.9.99
68,Amberly,Ellar,aellar1v@pinterest.com,Female,243.154.122.193
69,Kimmy,Daubeny,kdaubeny1w@home.pl,Female,4.226.154.58
70,Chickie,Gotter,cgotter1x@marriott.com,Male,233.56.165.133
71,Elonore,Imbrey,eimbrey1y@arizona.edu,Female,203.51.244.208
72,Joyous,Lighterness,jlighterness1z@weebly.com,Female,177.48.154.81
73,Liv,Pendlenton,lpendlenton20@irs.gov,Genderqueer,96.152.179.194
74,Darin,Venditto,dvenditto21@altervista.org,Male,116.27.213.123
75,Simone,Dufall,sdufall22@squidoo.com,Female,124.133.217.100
76,Nicoline,Ludy,nludy23@vistaprint.com,Female,222.246.112.119
77,Yorgo,Schult,yschult24@is.gd,Agender,118.45.153.126
78,Scarlett,Mockes,smockes25@washington.edu,Female,89.105.245.68
79,Nessi,Tevelov,ntevelov26@tiny.cc,Female,175.71.160.218
80,Clo,McGrey,cmcgrey27@sphinn.com,Genderqueer,119.149.136.75
81,Odetta,Brodest,obrodest28@csmonitor.com,Bigender,254.108.83.57
82,Connie,Egger,cegger29@nymag.com,Female,231.221.131.254
83,Patsy,Markie,pmarkie2a@pcworld.com,Male,56.50.194.173
84,Nikolaos,Barlthrop,nbarlthrop2b@admin.ch,Male,85.49.221.155
85,Frederique,Boase,fboase2c@ameblo.jp,Bigender,144.55.249.66
86,Agosto,Nutt,anutt2d@angelfire.com,Male,78.90.94.243
87,Kelsi,Kersaw,kkersaw2e@ycombinator.com,Female,128.210.63.166
88,Amory,Urvoy,aurvoy2f@sina.com.cn,Male,10.159.52.93
89,Loren,Martinets,lmartinets2g@discuz.net,Female,185.173.82.114
90,Shellysheldon,Ableson,sableson2h@ameblo.jp,Male,150.159.132.174
91,Alanna,Callander,acallander2i@bloglines.com,Female,43.193.74.155
92,Teodoor,Messam,tmessam2j@wufoo.com,Male,57.27.222.158
93,Dorene,Emm,demm2k@diigo.com,Female,104.56.92.203
94,Natasha,Pearcy,npearcy2l@rakuten.co.jp,Female,186.88.61.33
95,Fallon,Brach,fbrach2m@odnoklassniki.ru,Female,64.112.166.41
96,Libbi,Cleeton,lcleeton2n@mit.edu,Female,59.2.231.138
97,Yolane,Grastye,ygrastye2o@rambler.ru,Female,208.86.168.134
98,Gabriello,Waugh,gwaugh2p@spiegel.de,Genderfluid,90.239.247.233
99,Natasha,Puleston,npuleston2q@prweb.com,Female,118.32.175.237
100,Giff,MacVicar,gmacvicar2r@comcast.net,Polygender,157.94.30.207
101,Laughton,Gartshore,lgartshore2s@gnu.org,Male,212.135.18.66
102,Anderea,Candish,acandish2t@nps.gov,Female,125.40.12.82
103,Nerte,Cullum,ncullum2u@timesonline.co.uk,Female,102.128.237.123
104,Juanita,Basnett,jbasnett2v@craigslist.org,Female,15.70.250.239
105,Lizabeth,McAnulty,lmcanulty2w@constantcontact.com,Female,65.138.111.165
106,Adair,Witchell,awitchell2x@bloomberg.com,Male,169.172.97.221
107,Son,Crummay,scrummay2y@blog.com,Male,250.27.192.146
108,Bee,Benjamin,bbenjamin2z@umn.edu,Female,164.119.181.61
109,Winnie,Luto,wluto30@cnet.com,Female,4.205.226.192
110,Woody,Malling,wmalling31@lycos.com,Male,211.170.118.222
111,Yorgos,Christoffels,ychristoffels32@bbc.co.uk,Male,41.182.157.197
112,Chancey,Havenhand,chavenhand33@mozilla.com,Male,99.187.250.224
113,Josee,Kuhne,jkuhne34@spotify.com,Female,253.66.62.120
114,Egan,Haistwell,ehaistwell35@va.gov,Male,86.68.235.177
115,Esme,Groome,egroome36@cisco.com,Non-binary,158.123.169.99
116,Khalil,Gummory,kgummory37@reverbnation.com,Polygender,39.226.46.18
117,Yulma,Lovick,ylovick38@baidu.com,Male,226.179.8.192
118,Phedra,Snowling,psnowling39@usnews.com,Female,143.20.188.23
119,Renato,Arnholtz,rarnholtz3a@google.fr,Male,189.232.208.45
120,Con,Christene,cchristene3b@newsvine.com,Female,250.154.19.251
121,Melessa,Rushsorth,mrushsorth3c@dot.gov,Female,127.170.170.179
122,Allister,Rahl,arahl3d@nbcnews.com,Male,223.65.183.75
123,Alexio,Keays,akeays3e@e-recht24.de,Male,143.242.8.195
124,Liane,Fender,lfender3f@aboutads.info,Female,197.141.11.207
125,Miles,Crigin,mcrigin3g@shop-pro.jp,Male,42.48.79.199
126,Nickolaus,Manston,nmanston3h@businessweek.com,Male,99.242.76.251
127,Devland,Alexandersen,dalexandersen3i@cpanel.net,Male,209.125.130.170
128,Erhard,Blaydes,eblaydes3j@apache.org,Male,49.207.164.87
129,Shannon,Hellyar,shellyar3k@com.com,Bigender,243.153.240.60
130,Edmon,Matis,ematis3l@nasa.gov,Male,9.168.186.235
131,Peggy,Vale,pvale3m@archive.org,Female,26.0.220.33
132,Hillie,Cogman,hcogman3n@springer.com,Male,150.29.133.249
133,Emerson,Rushmer,erushmer3o@macromedia.com,Male,212.144.106.109
134,Wilma,Lardner,wlardner3p@unc.edu,Female,228.78.204.132
135,Jemima,Keep,jkeep3q@cnbc.com,Female,233.191.240.172
136,Bruce,Stummeyer,bstummeyer3r@51.la,Male,244.113.93.133
137,Bobbi,Beslier,bbeslier3s@chron.com,Female,27.186.34.199
138,Mahmud,Skamal,mskamal3t@sciencedaily.com,Male,197.171.149.111
139,Rora,Halle,rhalle3u@wsj.com,Female,255.165.98.42
140,Dolley,Spry,dspry3v@163.com,Female,91.172.212.119
141,Barbabas,Pallister,bpallister3w@tamu.edu,Male,15.12.113.66
142,Yetta,Winny,ywinny3x@stanford.edu,Female,28.241.136.139
143,Hilary,Cunnow,hcunnow3y@chron.com,Agender,152.204.85.169
144,Kevina,Karpol,kkarpol3z@cam.ac.uk,Female,77.254.49.211
145,Martyn,O'Malley,momalley40@ted.com,Male,174.226.56.93
146,Ingelbert,Mendonca,imendonca41@go.com,Male,7.113.90.132
147,Hart,Hryncewicz,hhryncewicz42@dedecms.com,Male,118.92.66.119
148,Minor,Zeale,mzeale43@amazon.co.jp,Male,255.7.47.141
149,Alair,Clayton,aclayton44@ucoz.com,Male,14.44.120.201
150,Melisent,Blachford,mblachford45@msu.edu,Female,13.212.203.60
151,Ingra,Witten,iwitten46@globo.com,Male,143.241.192.136
152,Dix,Lewzey,dlewzey47@icio.us,Female,141.165.44.205
153,Jock,Bryce,jbryce48@domainmarket.com,Male,240.30.219.1
154,Ariella,Gosalvez,agosalvez49@senate.gov,Female,115.146.6.72
155,Alaster,Rawson,arawson4a@odnoklassniki.ru,Male,77.140.46.29
156,Ron,Wellbeloved,rwellbeloved4b@friendfeed.com,Male,112.232.152.156
157,Jeni,Ogborne,jogborne4c@paginegialle.it,Female,97.246.136.124
158,Anjanette,Mattessen,amattessen4d@newsvine.com,Female,5.159.174.31
159,Libbi,Wield,lwield4e@yolasite.com,Female,213.172.151.167
160,Olag,Sauven,osauven4f@webmd.com,Male,70.69.141.91
161,Emmey,Boothroyd,eboothroyd4g@chicagotribune.com,Female,72.20.88.72
162,Jaymee,Sowrey,jsowrey4h@pen.io,Polygender,144.223.67.107
163,Rebbecca,Patriskson,rpatriskson4i@abc.net.au,Female,81.124.126.193
164,Joscelin,Munday,jmunday4j@instagram.com,Female,8.234.121.160
165,Madelaine,Ogbourne,mogbourne4k@vkontakte.ru,Female,73.56.83.171
166,Morrie,Sein,msein4l@squidoo.com,Male,17.42.79.107
167,Buddy,Bedo,bbedo4m@cam.ac.uk,Male,248.162.197.80
168,Merle,Oulner,moulner4n@msu.edu,Male,71.47.122.111
169,Kathye,Simner,ksimner4o@google.es,Female,248.203.19.81
170,Griffy,Sorey,gsorey4p@sfgate.com,Male,36.191.22.115
171,Meyer,Scintsbury,mscintsbury4q@ucla.edu,Male,43.65.242.235
172,Gabbey,Derisly,gderisly4r@sbwire.com,Female,201.193.80.242
173,Becky,Kimblen,bkimblen4s@aol.com,Female,179.126.173.155
174,Elonore,Crowden,ecrowden4t@tripod.com,Female,33.60.100.250
175,Antony,Jurisic,ajurisic4u@bandcamp.com,Male,131.249.17.73
176,Roosevelt,Ferrarin,rferrarin4v@virginia.edu,Male,130.23.138.122
177,Jessey,Waltho,jwaltho4w@ameblo.jp,Male,50.62.74.201
178,Retha,Sorsby,rsorsby4x@flickr.com,Female,93.113.159.235
179,Frans,Weiser,fweiser4y@intel.com,Male,252.127.103.92
180,Lanni,Charette,lcharette4z@t.co,Female,209.115.113.6
181,Dian,Duxbarry,dduxbarry50@vkontakte.ru,Female,27.132.89.1
182,Maxy,Crockett,mcrockett51@walmart.com,Male,225.155.213.21
183,Margaux,Carthew,mcarthew52@mapquest.com,Female,80.140.50.122
184,Marline,Silcock,msilcock53@nationalgeographic.com,Female,106.143.66.84
185,Leonhard,Woodburne,lwoodburne54@ted.com,Male,204.207.241.230
186,Kelcy,Mallinder,kmallinder55@unblog.fr,Female,234.39.237.183
187,Flor,Songhurst,fsonghurst56@cloudflare.com,Non-binary,113.80.66.195
188,Maxie,Dachs,mdachs57@adobe.com,Female,227.242.232.141
189,Antonia,Hanvey,ahanvey58@boston.com,Female,33.152.144.235
190,Leesa,Heinke,lheinke59@fda.gov,Female,61.151.151.108
191,Giana,Eakle,geakle5a@altervista.org,Female,124.102.194.148
192,Roderick,Antognetti,rantognetti5b@symantec.com,Male,88.90.81.49
193,Grace,Peerman,gpeerman5c@google.ru,Male,192.153.71.22
194,Alvira,Wakes,awakes5d@opera.com,Female,245.201.52.79
195,Alexander,Bonsey,abonsey5e@slashdot.org,Male,123.75.139.83
196,Kori,Perch,kperch5f@angelfire.com,Female,72.92.232.128
197,Jodie,Leber,jleber5g@fema.gov,Female,60.34.126.107
198,Devi,Balchen,dbalchen5h@yolasite.com,Female,141.21.105.193
199,Salomi,Cawtheray,scawtheray5i@dedecms.com,Female,10.72.207.145
200,Otha,Syder,osyder5j@pen.io,Female,119.26.108.162
201,Erskine,Antrum,eantrum5k@stanford.edu,Male,176.230.88.160
202,Janna,Wince,jwince5l@wufoo.com,Female,119.45.201.132
203,Wallache,Franzolini,wfranzolini5m@house.gov,Male,98.7.49.76
204,Simonette,Domange,sdomange5n@independent.co.uk,Female,182.125.201.68
205,Reilly,MacAllan,rmacallan5o@china.com.cn,Male,204.162.137.5
206,Robinson,Hunston,rhunston5p@eepurl.com,Male,186.204.106.132
207,Jodie,Reyne,jreyne5q@about.com,Female,182.77.253.245
208,Ignazio,Stuckow,istuckow5r@merriam-webster.com,Male,122.61.76.69
209,Doralynn,Thorington,dthorington5s@cnet.com,Female,242.16.237.177
210,Tarah,Darco,tdarco5t@earthlink.net,Agender,95.134.157.169
211,Irena,Eller,ieller5u@jigsy.com,Female,247.100.88.100
212,Nathan,Kingscote,nkingscote5v@va.gov,Polygender,19.15.34.170
213,Katerine,Mandrey,kmandrey5w@mozilla.com,Female,199.221.91.102
214,Foster,Leband,fleband5x@drupal.org,Male,107.53.110.100
215,Matt,Meys,mmeys5y@sina.com.cn,Male,255.34.125.145
216,Jeanne,Rossey,jrossey5z@intel.com,Female,222.125.64.190
217,Dominica,Sutty,dsutty60@amazon.co.jp,Female,134.198.68.255
218,Hilton,Joffe,hjoffe61@washingtonpost.com,Male,169.253.214.58
219,Ursulina,Tigner,utigner62@github.com,Female,233.29.124.92
220,Vail,Doutch,vdoutch63@hostgator.com,Male,25.245.1.231
221,Klara,Pizzey,kpizzey64@boston.com,Female,16.7.123.163
222,Roddy,Leneham,rleneham65@cnbc.com,Male,32.240.143.132
223,Aurelie,Dillow,adillow66@printfriendly.com,Female,7.117.134.151
224,Ynez,Hauch,yhauch67@archive.org,Female,197.228.72.196
225,Papagena,Pacheco,ppacheco68@amazon.co.jp,Female,60.38.128.198
226,Harri,Mulkerrins,hmulkerrins69@theguardian.com,Female,0.188.210.29
227,Niel,Bartaletti,nbartaletti6a@ezinearticles.com,Male,58.189.203.246
228,Rozanne,Grace,rgrace6b@prlog.org,Female,134.28.48.98
229,Milli,Stot,mstot6c@e-recht24.de,Female,8.222.191.176
230,Benedicta,Illes,billes6d@sogou.com,Female,71.141.10.171
231,Seumas,Roust,sroust6e@linkedin.com,Male,97.250.80.212
232,Sky,Fitzsymons,sfitzsymons6f@printfriendly.com,Male,192.137.240.177
233,Harmon,Ide,hide6g@trellian.com,Male,35.101.87.38
234,Tirrell,Manueli,tmanueli6h@mediafire.com,Male,48.73.213.192
235,Nealon,Koles,nkoles6i@vkontakte.ru,Male,170.195.135.0
236,Montgomery,Wolters,mwolters6j@smh.com.au,Male,65.223.51.239
237,Herculie,Colbourn,hcolbourn6k@abc.net.au,Male,178.93.254.216
238,Meade,Ivanuschka,mivanuschka6l@google.fr,Male,189.200.66.185
239,Rita,Allans,rallans6m@engadget.com,Female,138.158.250.244
240,Teri,Stobbes,tstobbes6n@ebay.com,Female,121.122.109.239
241,Emilia,Owbrick,eowbrick6o@etsy.com,Female,119.47.201.39
242,Vladimir,Berrecloth,vberrecloth6p@vistaprint.com,Male,195.99.25.101
243,Roxie,Dechelle,rdechelle6q@newyorker.com,Female,35.156.244.42
244,Aubrie,Devericks,adevericks6r@fema.gov,Female,204.29.70.222
245,Kirby,Tarling,ktarling6s@netscape.com,Female,203.253.186.141
246,Sonnie,Maccree,smaccree6t@simplemachines.org,Male,117.165.167.117
247,Oates,Willey,owilley6u@skyrock.com,Male,12.138.2.157
248,Martie,Leatham,mleatham6v@cnet.com,Female,233.241.74.61
249,Nari,Smart,nsmart6w@toplist.cz,Female,96.159.82.157
250,Antoni,Ramsden,aramsden6x@artisteer.com,Agender,161.61.21.149
251,Bella,Dewer,bdewer6y@google.es,Female,24.158.108.210
252,Alvan,Bonwell,abonwell6z@symantec.com,Male,203.201.74.166
253,Rita,Pennetti,rpennetti70@comsenz.com,Female,58.47.153.173
254,Nickola,Devers,ndevers71@thetimes.co.uk,Male,80.150.111.63
255,Bordy,Shurville,bshurville72@theglobeandmail.com,Male,101.36.88.109
256,Haily,Rieflin,hrieflin73@state.tx.us,Female,134.24.128.88
257,Clint,Petran,cpetran74@sogou.com,Male,86.221.105.32
258,Malchy,Livock,mlivock75@homestead.com,Male,147.211.249.4
259,Aundrea,Giles,agiles76@nba.com,Female,242.81.134.244
260,Sauncho,Huband,shuband77@facebook.com,Male,116.153.142.200
261,Sheffy,Jehaes,sjehaes78@typepad.com,Male,253.254.48.207
262,Rutherford,Bowne,rbowne79@barnesandnoble.com,Male,34.133.96.16
263,Iris,Abramov,iabramov7a@eepurl.com,Female,84.68.100.50
264,Chas,Birds,cbirds7b@live.com,Male,242.95.125.81
265,Farlay,Zanni,fzanni7c@hhs.gov,Male,246.19.79.67
266,Roderick,Crowter,rcrowter7d@is.gd,Male,169.236.227.57
267,Laural,Tallent,ltallent7e@google.ru,Genderfluid,79.102.109.164
268,Bentley,Hydes,bhydes7f@mail.ru,Male,245.179.73.60
269,Dev,Knewstub,dknewstub7g@timesonline.co.uk,Male,99.25.143.138
270,Kitti,Adaway,kadaway7h@npr.org,Female,96.217.246.60
271,Gayler,Coil,gcoil7i@hud.gov,Male,63.123.227.65
272,Estrella,Jakeway,ejakeway7j@springer.com,Female,147.252.122.70
273,Lance,Matusiak,lmatusiak7k@kickstarter.com,Male,150.246.46.84
274,Demetra,Klezmski,dklezmski7l@yelp.com,Female,213.29.79.195
275,Carry,Laetham,claetham7m@people.com.cn,Female,199.196.115.7
276,Massimo,Garden,mgarden7n@sakura.ne.jp,Male,166.127.221.54
277,Fred,Alejo,falejo7o@examiner.com,Female,41.220.188.139
278,Penn,Hancill,phancill7p@yandex.ru,Male,153.14.129.179
279,Hamlin,Entissle,hentissle7q@hhs.gov,Male,98.89.124.170
280,Winny,Bedo,wbedo7r@oaic.gov.au,Female,24.192.6.37
281,Abbie,Talmadge,atalmadge7s@sina.com.cn,Male,65.199.84.175
282,Ekaterina,Rubrow,erubrow7t@weebly.com,Female,237.214.53.172
283,Becky,Guiducci,bguiducci7u@xing.com,Female,75.28.121.76
284,Horace,Sparshott,hsparshott7v@latimes.com,Male,246.99.229.245
285,Ludovika,Wickey,lwickey7w@twitter.com,Genderqueer,175.245.235.168
286,Suki,Malamore,smalamore7x@chicagotribune.com,Female,142.34.80.3
287,Madelaine,Howson,mhowson7y@marriott.com,Agender,165.202.135.53
288,Nico,Estevez,nestevez7z@globo.com,Polygender,155.198.246.153
289,Niel,Blatchford,nblatchford80@illinois.edu,Male,83.87.62.102
290,Hattie,Worge,hworge81@mozilla.org,Female,71.5.119.65
291,Tate,Slimon,tslimon82@cbslocal.com,Male,61.123.155.231
292,Layney,Cartledge,lcartledge83@trellian.com,Female,68.199.115.38
293,Nicolle,Scamerdine,nscamerdine84@cisco.com,Female,122.205.190.62
294,Bonny,Kenway,bkenway85@w3.org,Female,238.124.42.226
295,Anna-diana,Hawket,ahawket86@europa.eu,Female,101.239.8.254
296,Laurens,Bundy,lbundy87@delicious.com,Male,116.210.7.139
297,Sean,Padillo,spadillo88@irs.gov,Female,78.177.232.126
298,Corney,Fowgies,cfowgies89@google.co.jp,Male,36.201.32.92
299,Brynne,Fuge,bfuge8a@myspace.com,Female,149.73.149.176
300,Guinna,Lawlan,glawlan8b@wordpress.org,Female,223.127.230.53
301,Frieda,Faltin,ffaltin8c@addthis.com,Female,149.87.205.12
302,Melania,Ferreres,mferreres8d@apache.org,Female,152.173.215.140
303,Trevar,Gellion,tgellion8e@marriott.com,Male,237.239.152.181
304,Levon,Ouldcott,louldcott8f@earthlink.net,Male,226.204.11.133
305,Zed,Bellew,zbellew8g@mashable.com,Male,115.2.105.127
306,Mikol,Midlane,mmidlane8h@soundcloud.com,Male,49.138.193.10
307,Matilda,Bradlaugh,mbradlaugh8i@geocities.com,Female,222.32.193.207
308,Cull,Jayes,cjayes8j@tinyurl.com,Male,159.254.33.141
309,Vick,Byer,vbyer8k@360.cn,Male,110.98.108.58
310,Michell,Kener,mkener8l@desdev.cn,Female,88.149.112.191
311,Bamby,Maunder,bmaunder8m@xinhuanet.com,Female,185.74.175.44
312,Vance,Hamerton,vhamerton8n@yelp.com,Male,61.156.52.186
313,Cyrillus,Schlagtmans,cschlagtmans8o@blogs.com,Male,51.79.117.112
314,Stacy,Ollington,sollington8p@google.cn,Male,246.236.133.132
315,Randi,Brewett,rbrewett8q@toplist.cz,Bigender,3.255.26.79
316,Sapphire,Lartice,slartice8r@deviantart.com,Female,99.253.148.231
317,Kerr,Windley,kwindley8s@state.gov,Male,157.231.153.136
318,Ansley,Cropton,acropton8t@google.co.jp,Female,130.238.121.247
319,Ozzy,Dukesbury,odukesbury8u@canalblog.com,Male,35.225.121.124
320,Berthe,Nation,bnation8v@blogs.com,Female,155.246.60.200
321,Cleveland,Mallall,cmallall8w@ftc.gov,Male,123.120.10.175
322,Maximilian,Noto,mnoto8x@state.tx.us,Male,25.220.248.225
323,Willie,Paterno,wpaterno8y@sitemeter.com,Genderqueer,63.125.69.139
324,Winifred,Cooper,wcooper8z@webs.com,Female,137.47.28.43
325,Burt,Pluck,bpluck90@alibaba.com,Male,28.143.213.74
326,Sinclare,Szymonwicz,sszymonwicz91@multiply.com,Male,254.66.98.17
327,Charla,Leynagh,cleynagh92@canalblog.com,Female,139.23.175.84
328,Brad,Steedman,bsteedman93@cpanel.net,Male,162.115.139.179
329,Ibrahim,Celler,iceller94@ehow.com,Male,10.132.17.83
330,Guthrey,Uwins,guwins95@google.com.au,Male,190.30.176.211
331,Nickie,Crawshay,ncrawshay96@dmoz.org,Female,85.108.71.104
332,Maressa,Wyllie,mwyllie97@multiply.com,Female,196.93.54.164
333,Renee,Allison,rallison98@indiatimes.com,Female,195.164.138.5
334,Kermit,Borg-Bartolo,kborgbartolo99@wikipedia.org,Male,54.110.0.138
335,Dita,Danielut,ddanielut9a@ebay.co.uk,Female,165.193.242.26
336,Kelly,McConnell,kmcconnell9b@plala.or.jp,Female,243.10.195.252
337,Hinda,Autie,hautie9c@instagram.com,Female,159.204.95.40
338,Bonita,Ornils,bornils9d@dot.gov,Female,5.34.145.165
339,Erica,Craigs,ecraigs9e@ocn.ne.jp,Female,174.147.30.140
340,Arlen,Yude,ayude9f@vinaora.com,Male,178.48.199.140
341,Maryjo,Vogeller,mvogeller9g@desdev.cn,Female,212.171.67.136
342,Linea,Golsworthy,lgolsworthy9h@dyndns.org,Female,233.131.71.115
343,Roddie,Kinnane,rkinnane9i@rediff.com,Male,226.130.35.15
344,Blondelle,Bougen,bbougen9j@msu.edu,Female,254.34.143.140
345,Zaccaria,Musico,zmusico9k@xinhuanet.com,Male,111.135.246.13
346,Sammie,Graalman,sgraalman9l@mapy.cz,Male,65.137.225.66
347,Robert,Cockshutt,rcockshutt9m@plala.or.jp,Male,8.200.26.26
348,Morse,Lembcke,mlembcke9n@youtube.com,Male,86.219.166.239
349,Bibbie,Ridett,bridett9o@spotify.com,Female,4.153.77.88
350,Staffard,Sebert,ssebert9p@seesaa.net,Male,31.229.105.10
351,Husein,Foli,hfoli9q@toplist.cz,Male,146.22.204.20
352,Gusella,Shickle,gshickle9r@ebay.com,Agender,110.153.103.110
353,Wanids,Kloska,wkloska9s@rediff.com,Female,92.177.144.126
354,Goldi,Hardiman,ghardiman9t@webnode.com,Female,82.129.57.231
355,Minna,Pudsey,mpudsey9u@etsy.com,Female,191.204.18.131
356,Jacqui,Robion,jrobion9v@w3.org,Female,15.155.188.39
357,Klarrisa,Daglish,kdaglish9w@goo.ne.jp,Female,222.10.102.27
358,Gaylor,Munning,gmunning9x@hugedomains.com,Male,191.98.127.98
359,Babs,Tuffey,btuffey9y@reverbnation.com,Female,240.208.55.202
360,Gale,Grenville,ggrenville9z@alibaba.com,Female,155.102.140.241
361,Baxy,Harvison,bharvisona0@istockphoto.com,Male,222.175.72.169
362,Demetre,Marriage,dmarriagea1@oaic.gov.au,Male,75.240.144.22
363,Crichton,Kelway,ckelwaya2@behance.net,Male,214.232.153.153
364,Marcos,Chesher,mcheshera3@house.gov,Agender,138.40.133.143
365,Laurianne,Simonnin,lsimonnina4@hao123.com,Female,183.166.147.216
366,Elston,Dunsmuir,edunsmuira5@sina.com.cn,Male,146.234.246.211
367,Hannis,Buist,hbuista6@cargocollective.com,Female,62.177.174.21
368,Aurthur,Platfoot,aplatfoota7@chronoengine.com,Male,216.47.158.178
369,Claudio,Paddingdon,cpaddingdona8@mail.ru,Male,14.13.126.21
370,Jean,Eddow,jeddowa9@wufoo.com,Male,160.156.58.20
371,Town,Longforth,tlongforthaa@si.edu,Male,202.102.101.192
372,Maurie,Milne,mmilneab@yandex.ru,Male,225.114.184.102
373,Analiese,Lowdeane,alowdeaneac@live.com,Female,37.239.97.82
374,Eustace,Huxster,ehuxsterad@examiner.com,Male,76.248.54.110
375,Caddric,Coster,ccosterae@paginegialle.it,Male,147.251.143.149
376,Lisbeth,Balaison,lbalaisonaf@soundcloud.com,Female,219.152.17.204
377,Eldridge,Haitlie,ehaitlieag@state.gov,Male,104.42.92.52
378,Ronnie,Pillinger,rpillingerah@issuu.com,Male,124.152.217.150
379,Nerte,Mouton,nmoutonai@illinois.edu,Female,180.251.208.2
380,Benedikta,Fargie,bfargieaj@msu.edu,Non-binary,138.39.96.82
381,Ronnie,Bartholomew,rbartholomewak@google.com.br,Female,3.158.45.175
382,Ingunna,Younglove,iyoungloveal@1und1.de,Female,79.147.187.131
383,Bendick,Pardal,bpardalam@businesswire.com,Male,14.114.8.12
384,Florella,Oran,foranan@ucsd.edu,Female,27.130.111.21
385,Emilio,Duplan,eduplanao@statcounter.com,Male,72.176.86.190
386,Brandy,Varley,bvarleyap@icio.us,Female,90.201.2.82
387,Salomi,Archbell,sarchbellaq@alibaba.com,Female,192.238.155.0
388,Stephanus,Wheeler,swheelerar@xing.com,Male,194.19.65.46
389,Jordanna,Hansley,jhansleyas@hugedomains.com,Female,253.220.207.8
390,Elnora,Breckon,ebreckonat@wufoo.com,Female,234.23.85.39
391,Malcolm,Bradnock,mbradnockau@blogtalkradio.com,Male,19.5.226.7
392,Jareb,Malyon,jmalyonav@wikispaces.com,Male,18.219.116.107
393,Bald,Remington,bremingtonaw@vk.com,Male,174.162.81.246
394,Carmine,Frowde,cfrowdeax@marketwatch.com,Female,75.135.53.16
395,Mackenzie,Dicker,mdickeray@jiathis.com,Male,18.128.27.215
396,Grover,Mapledorum,gmapledorumaz@sphinn.com,Male,117.238.31.96
397,Willette,Elsmor,welsmorb0@addtoany.com,Female,67.205.232.167
398,Shalne,Hellis,shellisb1@un.org,Female,39.30.69.243
399,Johannah,Albrighton,jalbrightonb2@tinyurl.com,Female,59.118.213.81
400,Amalie,Songist,asongistb3@deliciousdays.com,Female,78.28.240.243
401,Gerianne,Esche,gescheb4@boston.com,Female,202.64.202.126
402,Melly,Chantler,mchantlerb5@unicef.org,Female,164.232.52.122
403,Korrie,Hold,kholdb6@sogou.com,Female,77.106.167.202
404,Glendon,Dominelli,gdominellib7@illinois.edu,Male,154.34.145.225
405,Madge,Hattoe,mhattoeb8@baidu.com,Female,202.228.192.41
406,Patience,Arnowicz,parnowiczb9@symantec.com,Female,181.55.181.110
407,Morse,Chimienti,mchimientiba@arstechnica.com,Male,248.201.9.202
408,Vita,Bairnsfather,vbairnsfatherbb@bing.com,Non-binary,208.195.98.94
409,Stewart,Agus,sagusbc@deliciousdays.com,Male,13.171.51.236
410,Marvin,McCrie,mmccriebd@senate.gov,Male,199.181.36.247
411,Robenia,Maclaine,rmaclainebe@odnoklassniki.ru,Female,61.172.218.43
412,Jorie,Turl,jturlbf@usa.gov,Female,240.166.46.196
413,Trix,Shayes,tshayesbg@canalblog.com,Female,128.195.148.167
414,Farrand,Packington,fpackingtonbh@jalbum.net,Female,139.207.22.98
415,Sarina,Quinnette,squinnettebi@shutterfly.com,Female,234.185.209.61
416,Giselle,Grass,ggrassbj@a8.net,Female,143.56.214.93
417,Valentin,Bignal,vbignalbk@google.com,Male,123.38.227.43
418,Amalita,Ellsom,aellsombl@wired.com,Female,178.239.54.248
419,Myer,Le-Good,mlegoodbm@goo.ne.jp,Male,26.216.233.129
420,Darlene,Reaveley,dreaveleybn@youtu.be,Female,180.206.214.44
421,Ibby,Giovannoni,igiovannonibo@php.net,Female,154.240.149.249
422,Chiarra,Theuff,ctheuffbp@topsy.com,Female,237.184.27.188
423,Sybille,Whittlesea,swhittleseabq@yandex.ru,Female,253.229.101.5
424,Lenee,MacAnespie,lmacanespiebr@blinklist.com,Female,31.144.127.164
425,Franky,Perigo,fperigobs@princeton.edu,Female,149.184.239.8
426,Odele,Simacek,osimacekbt@addthis.com,Female,156.155.35.37
427,Stephan,Adolf,sadolfbu@uol.com.br,Male,28.63.28.19
428,Hall,Chadband,hchadbandbv@cam.ac.uk,Male,49.244.55.239
429,Tonnie,Culmer,tculmerbw@hhs.gov,Male,14.120.107.224
430,My,Hanselmann,mhanselmannbx@addthis.com,Male,36.152.144.183
431,Olia,Frears,ofrearsby@soup.io,Female,96.54.20.253
432,Yettie,Fairburne,yfairburnebz@answers.com,Genderqueer,54.188.158.22
433,Neale,Joynt,njoyntc0@bloglovin.com,Male,177.192.89.109
434,Olly,Seymour,oseymourc1@barnesandnoble.com,Male,124.84.231.96
435,Mar,Delap,mdelapc2@com.com,Male,149.195.167.12
436,Camila,Boom,cboomc3@naver.com,Female,96.67.9.223
437,Ingamar,St. Ledger,istledgerc4@homestead.com,Male,102.55.118.9
438,Jeralee,Seers,jseersc5@hatena.ne.jp,Genderqueer,112.88.107.180
439,Joline,Annable,jannablec6@yellowbook.com,Female,36.174.125.48
440,Vail,Tritten,vtrittenc7@jiathis.com,Male,88.138.200.230
441,Tab,Nel,tnelc8@facebook.com,Male,196.118.230.237
442,Nadine,Papen,npapenc9@cam.ac.uk,Female,252.186.245.231
443,Loella,Lifton,lliftonca@over-blog.com,Female,235.171.75.213
444,Joan,Penrith,jpenrithcb@hugedomains.com,Female,167.118.144.108
445,Walliw,Clemits,wclemitscc@springer.com,Female,152.238.76.124
446,Sherri,Gerhts,sgerhtscd@google.ru,Female,96.141.36.161
447,Jarred,Torre,jtorrece@google.pl,Male,29.210.225.135
448,Shea,Yallop,syallopcf@umich.edu,Male,72.170.2.21
449,Esme,Beckworth,ebeckworthcg@phoca.cz,Female,28.52.60.213
450,Estel,Witnall,ewitnallch@epa.gov,Female,11.5.176.237
451,Florenza,Crennell,fcrennellci@w3.org,Female,8.151.10.110
452,Arlee,Martignon,amartignoncj@redcross.org,Female,19.90.67.85
453,Vivian,Romanin,vromaninck@pcworld.com,Female,4.237.4.2
454,Lane,Barringer,lbarringercl@purevolume.com,Male,220.67.178.134
455,Broddie,Simmance,bsimmancecm@ucoz.com,Male,124.22.132.69
456,Eleen,Apple,eapplecn@mapy.cz,Female,32.55.53.190
457,Leonora,Fitchew,lfitchewco@icq.com,Female,69.159.123.124
458,Natty,McKeowon,nmckeowoncp@gmpg.org,Female,250.185.90.109
459,Conrad,Klemmt,cklemmtcq@geocities.jp,Male,238.223.238.65
460,Hetti,McGlone,hmcglonecr@ucoz.ru,Female,11.231.54.202
461,Dalli,Beatson,dbeatsoncs@elpais.com,Male,239.159.100.142
462,Glynnis,Eannetta,geannettact@salon.com,Female,106.114.204.38
463,Huntington,Brownsell,hbrownsellcu@ebay.co.uk,Male,68.144.250.247
464,Fionna,Ianni,fiannicv@whitehouse.gov,Female,147.144.213.137
465,Augustina,Reckus,areckuscw@cmu.edu,Female,14.79.83.177
466,Marchall,Schusterl,mschusterlcx@freewebs.com,Male,145.66.30.193
467,Cristionna,Pestor,cpestorcy@senate.gov,Female,16.7.52.50
468,Maure,Kegan,mkegancz@nymag.com,Female,241.88.55.114
469,Bjorn,Hemerijk,bhemerijkd0@prweb.com,Male,48.7.141.8
470,Cory,Pennells,cpennellsd1@fema.gov,Female,43.183.79.140
471,Leora,Patrono,lpatronod2@senate.gov,Female,176.67.153.190
472,Anallise,Wadforth,awadforthd3@psu.edu,Female,124.195.61.19
473,Baxter,Baitson,bbaitsond4@springer.com,Male,142.167.5.243
474,Philis,Gayton,pgaytond5@disqus.com,Female,58.61.19.130
475,Farah,Dohrmann,fdohrmannd6@chicagotribune.com,Female,233.8.102.241
476,Ramonda,Denslow,rdenslowd7@lulu.com,Female,64.242.7.216
477,Armstrong,Mussettini,amussettinid8@macromedia.com,Male,198.154.127.95
478,Karlen,Lusher,klusherd9@goodreads.com,Female,110.212.51.136
479,Chandler,MacNulty,cmacnultyda@dell.com,Male,103.248.11.138
480,Sara,Corradetti,scorradettidb@cmu.edu,Female,28.147.201.197
481,Osmond,Riquet,oriquetdc@zimbio.com,Male,201.236.223.31
482,Gabe,Cranch,gcranchdd@zimbio.com,Male,16.242.254.66
483,Bria,Klimecki,bklimeckide@xing.com,Female,61.165.18.236
484,Seymour,Ionnisian,sionnisiandf@istockphoto.com,Male,26.228.124.163
485,Leesa,Olohan,lolohandg@alexa.com,Bigender,23.116.251.64
486,Itch,Beiderbeck,ibeiderbeckdh@alibaba.com,Male,0.45.139.27
487,Lelah,McKea,lmckeadi@freewebs.com,Genderqueer,86.199.13.0
488,Bruis,Unger,bungerdj@hostgator.com,Male,233.26.163.22
489,Hiram,Bumfrey,hbumfreydk@nba.com,Male,0.130.62.150
490,Alard,Lehrmann,alehrmanndl@typepad.com,Male,184.74.13.82
491,Hobart,Forster,hforsterdm@wiley.com,Male,81.138.64.144
492,Theressa,Humphery,thumpherydn@taobao.com,Female,163.100.153.99
493,Garreth,Clemo,gclemodo@tuttocitta.it,Male,210.123.252.90
494,Sayre,Gravenor,sgravenordp@alexa.com,Female,178.161.24.245
495,Jessey,Gerardin,jgerardindq@mysql.com,Male,218.146.147.71
496,Jillene,Ilyinski,jilyinskidr@edublogs.org,Female,226.129.143.42
497,Hortensia,Topes,htopesds@umich.edu,Genderfluid,236.69.16.9
498,Clary,Lingner,clingnerdt@yelp.com,Female,99.212.148.226
499,Gordon,Guihen,gguihendu@google.de,Male,213.16.71.231
500,Addi,Stainland,astainlanddv@multiply.com,Female,164.240.227.226
501,Donnie,Wines,dwinesdw@pinterest.com,Male,23.123.224.230
502,Aurore,Lippo,alippodx@arizona.edu,Female,113.227.222.230
503,Son,Arniz,sarnizdy@stumbleupon.com,Male,176.198.183.182
504,Abby,Webb,awebbdz@latimes.com,Male,229.180.25.72
505,Daniele,Stukings,dstukingse0@macromedia.com,Female,5.21.183.111
506,Miller,Corps,mcorpse1@nymag.com,Polygender,58.120.248.72
507,Jamaal,McMonnies,jmcmonniese2@icq.com,Male,65.125.193.222
508,Miguel,Kordova,mkordovae3@wufoo.com,Male,254.251.38.248
509,Rudie,Lomis,rlomise4@privacy.gov.au,Male,178.185.239.89
510,Ynez,Fittes,yfittese5@jigsy.com,Female,41.234.226.167
511,Asher,Guilayn,aguilayne6@youtube.com,Male,254.28.52.227
512,Arne,Entwhistle,aentwhistlee7@princeton.edu,Male,115.8.160.83
513,Yulma,Sendley,ysendleye8@ifeng.com,Male,29.169.199.91
514,Linet,Westlake,lwestlakee9@bloomberg.com,Female,41.187.191.10
515,Reinold,Wheeliker,rwheelikerea@craigslist.org,Male,176.127.90.21
516,Anton,Romayn,aromayneb@businessweek.com,Male,108.26.149.167
517,Roslyn,Flounders,rfloundersec@1und1.de,Female,238.25.166.46
518,Drona,Ubee,dubeeed@webnode.com,Female,47.209.156.248
519,Maddy,Eul,meulee@geocities.com,Female,181.41.24.96
520,Gamaliel,Yitzowitz,gyitzowitzef@unesco.org,Male,187.161.20.25
521,Eudora,MacMychem,emacmychemeg@upenn.edu,Female,240.106.31.113
522,Kelci,Gillfillan,kgillfillaneh@chronoengine.com,Female,217.180.217.114
523,Nata,Greensite,ngreensiteei@arstechnica.com,Female,238.92.24.69
524,Meir,Gerler,mgerlerej@opera.com,Male,121.120.45.201
525,Cornelia,Alam,calamek@dedecms.com,Female,237.88.221.236
526,Tammy,Leatham,tleathamel@sciencedaily.com,Female,213.51.169.5
527,Velma,O'Beirne,vobeirneem@dailymotion.com,Female,106.58.72.179
528,Saba,Byard,sbyarden@domainmarket.com,Non-binary,8.111.199.79
529,Emmalyn,Pitrollo,epitrolloeo@amazonaws.com,Female,123.172.161.60
530,Jacinda,Connett,jconnettep@about.com,Female,39.196.22.114
531,Danna,Hauck,dhauckeq@aboutads.info,Female,140.63.155.249
532,Iolande,Glanders,iglanderser@behance.net,Female,142.223.179.59
533,Leontine,Caghy,lcaghyes@google.fr,Female,61.157.182.179
534,Eldin,Bontoft,ebontoftet@yandex.ru,Male,212.168.36.53
535,Xenos,Stracey,xstraceyeu@soup.io,Male,45.125.214.146
536,Steven,Binden,sbindenev@cloudflare.com,Male,2.0.78.75
537,Gisela,Sacco,gsaccoew@aol.com,Female,152.18.49.62
538,Loretta,Trundell,ltrundellex@digg.com,Female,184.197.48.246
539,Oliviero,Rainton,oraintoney@cnbc.com,Male,69.190.223.91
540,Gaston,Bellchamber,gbellchamberez@a8.net,Male,189.243.225.200
541,Blayne,Frammingham,bframminghamf0@auda.org.au,Genderfluid,182.148.73.12
542,Meridel,Jindracek,mjindracekf1@usgs.gov,Female,62.99.45.148
543,Callean,Bowcock,cbowcockf2@wsj.com,Male,114.27.180.248
544,Skell,Manuele,smanuelef3@fc2.com,Male,170.175.247.58
545,Derick,Klimecki,dklimeckif4@blogger.com,Male,136.88.100.67
546,Nathanil,Berthelet,nbertheletf5@spiegel.de,Male,79.91.207.54
547,Freeland,Amorts,famortsf6@hc360.com,Genderfluid,152.36.20.231
548,Olympe,Cawley,ocawleyf7@nature.com,Female,140.216.41.169
549,Gretchen,Townrow,gtownrowf8@jugem.jp,Female,224.48.122.14
550,Sharai,Hulburt,shulburtf9@deliciousdays.com,Female,73.42.119.111
551,Jyoti,Labitt,jlabittfa@google.pl,Female,221.40.34.75
552,Essa,Bispham,ebisphamfb@telegraph.co.uk,Female,210.109.183.207
553,Sollie,Matushevitz,smatushevitzfc@comsenz.com,Male,134.101.16.82
554,Harwilll,Bleas,hbleasfd@marketwatch.com,Male,183.111.78.237
555,Basil,Kindell,bkindellfe@ask.com,Male,230.164.177.40
556,Cherida,Kellett,ckellettff@lulu.com,Agender,113.217.176.94
557,Duff,Heape,dheapefg@cpanel.net,Male,162.129.228.204
558,Ernie,Comfort,ecomfortfh@jimdo.com,Male,201.46.190.144
559,Kerby,Churches,kchurchesfi@usgs.gov,Male,62.83.246.226
560,Sashenka,Caldairou,scaldairoufj@cmu.edu,Female,55.124.139.208
561,Willette,Caig,wcaigfk@smh.com.au,Agender,135.65.143.110
562,Westleigh,Chritchlow,wchritchlowfl@unicef.org,Male,223.222.38.104
563,Elene,Dykes,edykesfm@amazon.com,Female,39.212.160.174
564,Bil,Bartolomeo,bbartolomeofn@unc.edu,Male,150.0.81.238
565,Archie,Luce,alucefo@buzzfeed.com,Male,70.165.192.223
566,Anne-marie,Ambrosetti,aambrosettifp@usda.gov,Genderqueer,83.237.190.71
567,Alicea,Threadgould,athreadgouldfq@deviantart.com,Polygender,45.64.16.182
568,Kendre,Abrahamsohn,kabrahamsohnfr@freewebs.com,Female,243.222.238.206
569,Olivier,MacDonogh,omacdonoghfs@hibu.com,Male,71.141.179.170
570,Bink,Ginie,bginieft@studiopress.com,Male,71.174.72.215
571,Reade,Cornwell,rcornwellfu@utexas.edu,Male,199.116.21.5
572,Ingunna,McAlarney,imcalarneyfv@home.pl,Genderqueer,146.245.118.222
573,Roseanne,Hassent,rhassentfw@wordpress.org,Female,216.174.33.100
574,Giulia,Thies,gthiesfx@soundcloud.com,Female,52.94.158.15
575,Kippy,Pessler,kpesslerfy@omniture.com,Male,133.212.228.139
576,Bertine,Higgonet,bhiggonetfz@google.it,Female,23.225.70.154
577,Sande,Jakab,sjakabg0@usgs.gov,Female,6.140.107.90
578,Wilfred,Greetham,wgreethamg1@sogou.com,Male,140.208.134.7
579,Trueman,Rosenwald,trosenwaldg2@alibaba.com,Male,222.36.1.63
580,Brennan,Denman,bdenmang3@youtube.com,Male,247.215.54.48
581,Harlan,Andrys,handrysg4@weather.com,Male,45.184.0.128
582,Levi,Baytrop,lbaytropg5@newsvine.com,Male,214.190.237.95
583,Hattie,Surguine,hsurguineg6@xrea.com,Female,222.10.64.214
584,Maia,Deaville,mdeavilleg7@arstechnica.com,Female,25.205.59.194
585,Lancelot,Olorenshaw,lolorenshawg8@imageshack.us,Male,22.168.33.189
586,Culley,Dearle-Palser,cdearlepalserg9@topsy.com,Male,145.15.74.40
587,Rouvin,Bollum,rbollumga@ed.gov,Male,192.244.32.64
588,Welsh,O'Brian,wobriangb@cam.ac.uk,Male,43.98.16.18
589,Wenda,Agg,wagggc@microsoft.com,Female,41.242.92.50
590,Tristam,Borwick,tborwickgd@foxnews.com,Male,201.236.126.21
591,Jaquenetta,Balasini,jbalasinige@baidu.com,Genderfluid,78.227.123.88
592,Jard,Marrill,jmarrillgf@webmd.com,Male,88.179.168.122
593,Ivan,Urvoy,iurvoygg@oracle.com,Male,101.189.178.58
594,Johann,Harness,jharnessgh@ezinearticles.com,Male,49.173.58.147
595,Nathalia,Bloom,nbloomgi@smh.com.au,Agender,140.250.128.145
596,Dev,McGowan,dmcgowangj@pagesperso-orange.fr,Male,54.190.91.149
597,Mayor,Rolley,mrolleygk@ameblo.jp,Male,207.15.173.81
598,Abbie,Bernot,abernotgl@shinystat.com,Female,98.205.130.111
599,Lorenza,Schelle,lschellegm@ucla.edu,Female,36.183.52.250
600,Jean,Timeby,jtimebygn@upenn.edu,Female,31.47.183.68
601,Sonny,Garroch,sgarrochgo@jigsy.com,Female,35.186.158.70
602,Isacco,Tern,iterngp@cyberchimps.com,Male,197.70.34.85
603,Tabor,Rome,tromegq@wp.com,Male,98.88.228.169
604,Sela,Cray,scraygr@illinois.edu,Female,131.254.40.114
605,Terence,Elvish,telvishgs@plala.or.jp,Male,76.42.33.161
606,Helenelizabeth,Glyn,hglyngt@about.me,Female,99.240.153.211
607,Hall,Lebrun,hlebrungu@hud.gov,Male,163.105.134.71
608,Roseanne,Lakes,rlakesgv@unicef.org,Female,70.141.141.122
609,Jodi,Ungerechts,jungerechtsgw@ucla.edu,Female,122.173.215.213
610,Stormie,Sibyllina,ssibyllinagx@skyrock.com,Female,177.149.44.86
611,Lorry,Tockell,ltockellgy@ibm.com,Male,249.106.255.20
612,Darbee,Lightowlers,dlightowlersgz@fda.gov,Male,91.56.231.247
613,Timi,Alfuso,talfusoh0@scribd.com,Female,132.81.97.169
614,Lezley,Whitehorn,lwhitehornh1@chronoengine.com,Male,165.255.8.78
615,Helsa,Agronski,hagronskih2@eventbrite.com,Female,232.188.50.214
616,Lorenza,Borgne,lborgneh3@google.pl,Female,114.225.179.105
617,Kristoforo,Spinney,kspinneyh4@bloglovin.com,Male,85.150.113.75
618,Lissie,Gebby,lgebbyh5@prlog.org,Non-binary,11.18.86.220
619,Demetrius,Podmore,dpodmoreh6@gmpg.org,Agender,202.2.216.72
620,Winny,Corish,wcorishh7@bigcartel.com,Female,143.208.184.78
621,Link,Saltmarsh,lsaltmarshh8@trellian.com,Male,221.76.150.115
622,Sallie,Kempshall,skempshallh9@slideshare.net,Female,210.127.5.206
623,Ingeberg,MacInnes,imacinnesha@over-blog.com,Female,235.74.99.250
624,Obidiah,Skelton,oskeltonhb@soup.io,Male,84.247.48.75
625,Kearney,Tuiller,ktuillerhc@mozilla.org,Male,212.58.225.172
626,Federico,Burnhams,fburnhamshd@rambler.ru,Genderfluid,125.42.135.9
627,Allin,Claye,aclayehe@sakura.ne.jp,Male,226.57.183.155
628,Tedda,Warrior,twarriorhf@theglobeandmail.com,Female,218.162.112.114
629,Nanon,MacTrustie,nmactrustiehg@blogs.com,Female,124.125.211.13
630,Michaella,Thirtle,mthirtlehh@nih.gov,Genderqueer,162.11.3.27
631,Richart,Olivelli,rolivellihi@stanford.edu,Male,148.195.186.204
632,Ceciley,Campling,ccamplinghj@tripod.com,Female,172.38.145.200
633,Wileen,Wisniewski,wwisniewskihk@umn.edu,Female,90.22.146.50
634,Deirdre,Doyle,ddoylehl@bloomberg.com,Female,206.248.99.240
635,Nate,O' Meara,nomearahm@vinaora.com,Male,226.46.174.184
636,Bari,Borrill,bborrillhn@bravesites.com,Female,157.34.16.113
637,Anne,Glashby,aglashbyho@oracle.com,Female,38.34.251.110
638,Florance,Lodwig,flodwighp@latimes.com,Female,180.218.238.5
639,Padriac,Kissell,pkissellhq@merriam-webster.com,Male,203.175.244.24
640,Rustin,Elgram,relgramhr@earthlink.net,Male,58.223.79.139
641,Nikaniki,Padginton,npadgintonhs@archive.org,Female,23.101.18.115
642,Maribelle,Bruckmann,mbruckmannht@latimes.com,Polygender,27.191.204.122
643,Onida,Martinie,omartiniehu@g.co,Female,30.151.65.72
644,Rosamund,Benzi,rbenzihv@yellowpages.com,Female,73.126.236.142
645,Alonso,Trazzi,atrazzihw@yahoo.co.jp,Male,26.143.7.101
646,Dionne,Innerstone,dinnerstonehx@hud.gov,Female,96.61.185.192
647,Stanislas,Hamley,shamleyhy@army.mil,Male,96.132.68.88
648,Greggory,Strangeway,gstrangewayhz@noaa.gov,Male,20.104.87.197
649,Yelena,Vassman,yvassmani0@alibaba.com,Female,122.21.255.154
650,Trev,Close,tclosei1@china.com.cn,Male,99.47.17.88
651,Ari,Breakey,abreakeyi2@marriott.com,Male,22.64.59.182
652,Tyson,Allwright,tallwrighti3@java.com,Male,236.214.27.140
653,Shaine,Danilov,sdanilovi4@arstechnica.com,Male,158.61.237.126
654,Rosabel,Tomczynski,rtomczynskii5@blogspot.com,Female,34.33.220.81
655,Irene,Tuffin,ituffini6@ox.ac.uk,Female,203.92.62.74
656,Pooh,Petti,ppettii7@hibu.com,Male,220.159.207.151
657,Bendicty,McBrearty,bmcbreartyi8@qq.com,Male,163.154.157.171
658,Ernestine,Oxlade,eoxladei9@va.gov,Female,94.6.125.135
659,Rhianon,Soutar,rsoutaria@nydailynews.com,Female,40.29.19.136
660,Brena,O'Feeny,bofeenyib@paginegialle.it,Polygender,24.139.68.78
661,Putnam,Badcock,pbadcockic@reference.com,Male,98.178.184.45
662,Noble,Causer,ncauserid@engadget.com,Male,193.105.187.139
663,Kiah,Fike,kfikeie@jigsy.com,Bigender,165.242.226.244
664,Thorn,Carah,tcarahif@simplemachines.org,Male,118.5.209.14
665,Kane,Tarling,ktarlingig@photobucket.com,Male,20.248.34.93
666,Chico,Baddow,cbaddowih@hubpages.com,Male,15.156.80.201
667,Alister,Fairfoull,afairfoullii@artisteer.com,Male,37.120.29.191
668,Mata,Skelton,mskeltonij@kickstarter.com,Male,13.44.120.114
669,Harrison,Fortman,hfortmanik@odnoklassniki.ru,Male,39.230.89.168
670,Marijn,Bewsey,mbewseyil@europa.eu,Male,35.8.41.125
671,Tally,Deex,tdeexim@buzzfeed.com,Male,160.5.174.5
672,Kevina,Cordle,kcordlein@loc.gov,Female,136.169.109.178
673,Yvette,Pietzke,ypietzkeio@unicef.org,Female,71.3.94.162
674,Aurelie,Mc Harg,amchargip@boston.com,Female,172.197.84.134
675,Esra,Worsall,eworsalliq@acquirethisname.com,Male,143.73.232.104
676,Nancee,Dhenin,ndheninir@shinystat.com,Female,88.22.90.26
677,Wiatt,Cornbell,wcornbellis@godaddy.com,Male,189.119.115.43
678,Danit,Haslock(e),dhaslockeit@nhs.uk,Female,19.56.212.155
679,Rois,Di Maggio,rdimaggioiu@youku.com,Female,41.122.71.185
680,Deeann,Marchent,dmarchentiv@diigo.com,Female,96.14.180.241
681,Gerik,Edeler,gedeleriw@msu.edu,Male,253.225.51.220
682,Gilberte,Whitsey,gwhitseyix@xinhuanet.com,Female,252.47.109.182
683,West,Vsanelli,wvsanelliiy@wp.com,Male,160.17.216.142
684,Lorne,Plank,lplankiz@hp.com,Female,247.72.210.137
685,Sallyann,Kingescot,skingescotj0@stumbleupon.com,Female,10.116.172.236
686,Alina,Gunda,agundaj1@wp.com,Female,36.72.211.41
687,Guinna,Rigden,grigdenj2@unblog.fr,Female,138.69.207.40
688,Washington,Lackeye,wlackeyej3@xrea.com,Male,70.172.34.154
689,Bay,Tonry,btonryj4@java.com,Male,75.67.85.155
690,Cecilla,Euplate,ceuplatej5@netscape.com,Female,113.207.161.94
691,Abigail,Hessenthaler,ahessenthalerj6@histats.com,Female,70.65.56.98
692,Brant,Blonden,bblondenj7@yelp.com,Male,255.138.5.212
693,Libbey,Grebert,lgrebertj8@g.co,Female,5.10.208.142
694,Maribel,Inkster,minksterj9@hao123.com,Female,186.176.91.54
695,Buckie,O'Hallagan,bohallaganja@gnu.org,Male,175.30.231.97
696,Drew,Heaseman,dheasemanjb@phoca.cz,Male,162.71.159.209
697,Othelia,Faustin,ofaustinjc@constantcontact.com,Female,78.42.50.115
698,Terence,Togher,ttogherjd@php.net,Male,39.244.203.23
699,Walt,Berni,wbernije@digg.com,Male,158.20.182.229
700,Ely,Prickett,eprickettjf@addtoany.com,Male,0.238.223.43
701,Arnie,Crossdale,acrossdalejg@uiuc.edu,Male,91.55.12.218
702,Novelia,Boyle,nboylejh@ucoz.com,Female,193.219.81.104
703,Aila,Duffus,aduffusji@smh.com.au,Female,253.161.92.226
704,Rochell,McMeanma,rmcmeanmajj@infoseek.co.jp,Genderqueer,73.226.71.142
705,Trenna,Gwilliam,tgwilliamjk@issuu.com,Polygender,195.116.168.64
706,Lyndsie,Winram,lwinramjl@blogtalkradio.com,Female,33.62.162.240
707,Rossy,Sach,rsachjm@plala.or.jp,Male,0.231.204.241
708,Dougie,Eynon,deynonjn@posterous.com,Male,129.53.188.236
709,Kai,Gemson,kgemsonjo@slate.com,Female,193.114.119.145
710,Muhammad,O'Scanlan,moscanlanjp@opera.com,Male,139.224.116.204
711,Nevile,Poundford,npoundfordjq@typepad.com,Male,94.24.66.215
712,Renato,Chappelow,rchappelowjr@techcrunch.com,Male,170.79.9.160
713,Fran,Staig,fstaigjs@wsj.com,Male,99.16.96.228
714,Tulley,Lowmass,tlowmassjt@squidoo.com,Male,159.230.87.115
715,Richie,Badham,rbadhamju@businessinsider.com,Male,188.144.97.233
716,Freedman,Tarpey,ftarpeyjv@about.me,Male,12.242.212.247
717,Hesther,Carmichael,hcarmichaeljw@last.fm,Female,219.59.7.250
718,Gail,Goly,ggolyjx@youtu.be,Female,226.205.211.105
719,Olag,Stockle,ostocklejy@joomla.org,Male,6.76.90.146
720,Clemmy,Lincey,clinceyjz@linkedin.com,Female,144.152.200.138
721,Emlen,Eary,eearyk0@illinois.edu,Male,104.169.55.131
722,Stevy,Basford,sbasfordk1@stanford.edu,Male,91.174.200.87
723,Camellia,Tripp,ctrippk2@discuz.net,Female,28.237.96.250
724,Kettie,Neild,kneildk3@zimbio.com,Female,100.114.80.136
725,Filippo,Leeves,fleevesk4@mapquest.com,Male,145.235.95.129
726,Dyana,Bloxsome,dbloxsomek5@comsenz.com,Female,146.77.115.146
727,Roslyn,Climo,rclimok6@tinyurl.com,Female,254.172.115.170
728,Basil,Jacqueme,bjacquemek7@sourceforge.net,Agender,94.2.245.200
729,Lamond,Yanyushkin,lyanyushkink8@nationalgeographic.com,Male,38.180.228.157
730,Beau,Simonetto,bsimonettok9@tripod.com,Male,149.242.176.129
731,Melinde,Brocklesby,mbrocklesbyka@diigo.com,Female,148.55.227.43
732,Les,Dunthorne,ldunthornekb@imageshack.us,Male,242.87.190.56
733,Bret,Trusslove,btrusslovekc@gizmodo.com,Male,202.56.63.186
734,Jarid,Ferroni,jferronikd@printfriendly.com,Male,214.60.141.41
735,Brandy,Lergan,blerganke@engadget.com,Male,87.126.121.140
736,Tomas,Haps,thapskf@feedburner.com,Bigender,251.102.164.83
737,Samara,Provost,sprovostkg@elpais.com,Female,223.53.56.63
738,Deerdre,Binnes,dbinneskh@oaic.gov.au,Female,95.238.60.118
739,Maddie,Gahagan,mgahaganki@independent.co.uk,Female,106.212.43.42
740,Vance,Southeran,vsoutherankj@huffingtonpost.com,Male,98.108.210.109
741,Ninetta,Eccleshare,necclesharekk@newyorker.com,Female,132.108.61.127
742,Mellie,D'Ambrosi,mdambrosikl@vinaora.com,Non-binary,224.161.152.27
743,Belinda,Mifflin,bmifflinkm@wp.com,Female,71.10.200.255
744,Nomi,Wyllis,nwylliskn@pcworld.com,Female,244.138.202.42
745,Valeda,Ucceli,vucceliko@example.com,Female,216.114.43.135
746,Maje,Boddy,mboddykp@diigo.com,Male,195.183.226.16
747,Marinna,Iglesia,miglesiakq@scientificamerican.com,Female,106.243.72.123
748,Sylvia,Gambell,sgambellkr@typepad.com,Female,244.6.194.52
749,Halette,Siss,hsissks@wordpress.org,Female,166.171.115.225
750,Kassia,Dunthorn,kdunthornkt@eepurl.com,Female,55.91.93.101
751,Kennedy,Derricoat,kderricoatku@rambler.ru,Male,84.95.43.193
752,Faulkner,Mincini,fmincinikv@oaic.gov.au,Male,39.107.45.133
753,Horten,Yansons,hyansonskw@telegraph.co.uk,Male,214.156.245.173
754,Hilliard,Jann,hjannkx@howstuffworks.com,Male,239.98.253.155
755,Marshall,Nussey,mnusseyky@yolasite.com,Male,237.181.16.79
756,Lexie,Boydell,lboydellkz@google.co.uk,Female,195.199.177.196
757,Marion,Latey,mlateyl0@nydailynews.com,Genderfluid,249.141.130.85
758,Afton,Jobbins,ajobbinsl1@g.co,Female,73.70.142.78
759,Selena,Bellas,sbellasl2@sourceforge.net,Female,233.175.87.124
760,Kira,Wilbore,kwilborel3@macromedia.com,Female,78.92.211.149
761,Annabela,Scolts,ascoltsl4@parallels.com,Non-binary,126.15.2.164
762,Sibby,Sandercroft,ssandercroftl5@hhs.gov,Female,59.153.17.111
763,Caria,Gellett,cgellettl6@microsoft.com,Female,85.213.114.156
764,Nora,Kike,nkikel7@oracle.com,Female,168.45.221.96
765,Nissa,Franceschino,nfranceschinol8@cargocollective.com,Female,185.103.94.5
766,Dru,Chessum,dchessuml9@cbc.ca,Female,248.126.137.219
767,Taite,Duffie,tduffiela@state.gov,Male,197.75.15.233
768,Fulvia,Band,fbandlb@shutterfly.com,Female,225.118.41.145
769,Bambie,Targett,btargettlc@pen.io,Female,190.77.116.154
770,Nicola,Pach,npachld@storify.com,Female,133.118.175.170
771,Farly,Kamall,fkamallle@uol.com.br,Male,157.223.116.212
772,Holmes,Jarrad,hjarradlf@rakuten.co.jp,Male,57.210.13.30
773,Flore,Hugk,fhugklg@a8.net,Female,14.90.123.78
774,Gabriela,Tomblett,gtomblettlh@guardian.co.uk,Female,160.141.184.89
775,Binni,Sherrott,bsherrottli@odnoklassniki.ru,Female,65.166.25.137
776,Callida,Sambiedge,csambiedgelj@zimbio.com,Female,116.158.176.235
777,Ivie,Cohalan,icohalanlk@hubpages.com,Female,124.92.5.152
778,Avrom,Grgic,agrgicll@twitpic.com,Male,249.12.161.237
779,Gussy,Sturgis,gsturgislm@homestead.com,Female,151.174.170.186
780,Odelinda,Southall,osouthallln@yellowbook.com,Genderfluid,246.85.241.231
781,Jana,Zuan,jzuanlo@opera.com,Female,160.99.209.134
782,Rorke,Bootland,rbootlandlp@freewebs.com,Male,160.49.46.101
783,Vern,Hairsine,vhairsinelq@ebay.com,Male,248.173.192.241
784,Jimmy,Rylett,jrylettlr@hud.gov,Male,92.125.172.255
785,Rance,Kennet,rkennetls@mozilla.org,Male,114.22.233.194
786,Marji,Mound,mmoundlt@geocities.jp,Female,92.73.183.143
787,Sinclair,Phizackarley,sphizackarleylu@gravatar.com,Male,205.172.152.221
788,Keven,Andriessen,kandriessenlv@tiny.cc,Male,90.153.84.198
789,Carlie,Esmonde,cesmondelw@ehow.com,Female,110.0.193.145
790,Hewitt,O'Henecan,hohenecanlx@technorati.com,Male,85.93.17.74
791,Evelyn,Ferdinand,eferdinandly@google.es,Female,95.198.200.103
792,Lucho,Koppen,lkoppenlz@addthis.com,Male,156.221.23.13
793,Lorilee,Pally,lpallym0@engadget.com,Female,54.143.193.11
794,Katerine,La Rosa,klarosam1@unicef.org,Female,75.24.240.118
795,Retha,Eager,reagerm2@mediafire.com,Female,243.94.71.108
796,Web,Baggalley,wbaggalleym3@yellowpages.com,Male,59.145.201.204
797,Alexandrina,Harrod,aharrodm4@g.co,Female,60.100.230.202
798,Oran,Michieli,omichielim5@accuweather.com,Male,195.228.109.2
799,Burr,Bethell,bbethellm6@fastcompany.com,Male,38.119.52.193
800,Dory,Curzon,dcurzonm7@noaa.gov,Male,156.221.111.194
801,Kordula,Noulton,knoultonm8@flickr.com,Female,98.143.97.131
802,Winny,Ritchley,writchleym9@house.gov,Male,233.155.96.8
803,Peadar,Healing,phealingma@omniture.com,Male,51.232.96.94
804,Rivi,De Souza,rdesouzamb@china.com.cn,Female,1.50.231.0
805,Celine,Raisbeck,craisbeckmc@dell.com,Female,253.201.131.62
806,Eadmund,Longridge,elongridgemd@privacy.gov.au,Male,160.91.192.5
807,Mathilde,Challens,mchallensme@qq.com,Female,78.213.17.173
808,Sullivan,Mellanby,smellanbymf@constantcontact.com,Male,196.109.24.133
809,Janene,Marjanski,jmarjanskimg@discovery.com,Female,175.79.202.42
810,Simona,Seakes,sseakesmh@mashable.com,Female,29.144.150.161
811,Hogan,Engall,hengallmi@slideshare.net,Male,212.119.89.92
812,Wesley,Warrick,wwarrickmj@istockphoto.com,Male,41.232.255.39
813,Luce,Climance,lclimancemk@fastcompany.com,Male,206.103.108.71
814,Raviv,Bloom,rbloomml@msn.com,Male,149.110.216.72
815,Julienne,Prichet,jprichetmm@mozilla.org,Female,226.188.59.207
816,Humfrey,Lofty,hloftymn@hud.gov,Male,225.238.139.15
817,Clark,Folbige,cfolbigemo@t-online.de,Male,188.50.246.133
818,Washington,Causey,wcauseymp@bizjournals.com,Male,230.219.186.38
819,Donetta,McCole,dmccolemq@mapquest.com,Female,238.184.138.179
820,Shay,Geale,sgealemr@nsw.gov.au,Female,58.235.18.165
821,Carline,Adaway,cadawayms@globo.com,Female,39.170.103.21
822,Olva,Saltman,osaltmanmt@weebly.com,Female,251.144.175.22
823,Renie,Puckham,rpuckhammu@sfgate.com,Female,219.154.189.246
824,Olenolin,Cuffley,ocuffleymv@pbs.org,Male,230.15.43.252
825,Curry,Ashe,cashemw@buzzfeed.com,Male,186.7.71.21
826,Ulric,Franzewitch,ufranzewitchmx@jalbum.net,Male,189.23.85.188
827,Berkie,Mugridge,bmugridgemy@rakuten.co.jp,Male,171.99.70.81
828,Madeleine,Riehm,mriehmmz@usda.gov,Female,236.164.46.112
829,Ilaire,Swansbury,iswansburyn0@drupal.org,Male,246.39.214.105
830,Ree,Falconer,rfalconern1@mapy.cz,Female,121.216.110.19
831,Briney,Melody,bmelodyn2@shop-pro.jp,Female,5.50.177.196
832,Yurik,Bartels-Ellis,ybartelsellisn3@hexun.com,Male,213.110.10.51
833,Carce,Yashanov,cyashanovn4@smh.com.au,Agender,197.117.249.255
834,Erhart,Stritton,estrittonn5@imageshack.us,Male,65.184.52.151
835,Marinna,Hutton,mhuttonn6@yellowbook.com,Female,57.140.54.159
836,Erik,Shirlaw,eshirlawn7@sogou.com,Male,79.93.175.86
837,Ximenez,Ruggen,xruggenn8@reuters.com,Male,82.248.139.251
838,Todd,Cardon,tcardonn9@so-net.ne.jp,Male,171.13.122.181
839,Baird,Rikel,brikelna@wikispaces.com,Male,105.73.70.112
840,Tonya,Bonifas,tbonifasnb@army.mil,Female,29.32.134.201
841,Matty,Pawle,mpawlenc@huffingtonpost.com,Male,118.183.127.114
842,Markos,Sole,msolend@cdc.gov,Male,68.148.1.72
843,Bondy,Vivash,bvivashne@ted.com,Male,137.197.185.237
844,Lind,Apark,laparknf@nifty.com,Male,86.110.172.202
845,Ulick,Aleavy,ualeavyng@statcounter.com,Male,217.161.33.124
846,Pier,Dudderidge,pdudderidgenh@mail.ru,Non-binary,194.62.18.212
847,Kim,Boyes,kboyesni@bbb.org,Male,66.93.202.132
848,Kile,Abramovic,kabramovicnj@fc2.com,Male,253.175.183.82
849,Urbano,Malthouse,umalthousenk@yahoo.co.jp,Male,116.218.173.225
850,Caspar,Baylis,cbaylisnl@usnews.com,Male,28.35.172.14
851,Adena,Bortolazzi,abortolazzinm@etsy.com,Female,13.171.23.109
852,Wilma,Kibble,wkibblenn@sourceforge.net,Female,145.142.167.239
853,Woodie,Polack,wpolackno@usda.gov,Male,217.14.46.196
854,Greg,Dutteridge,gdutteridgenp@apple.com,Male,99.50.107.35
855,Deny,Peete,dpeetenq@va.gov,Female,212.208.102.134
856,Howard,Livingston,hlivingstonnr@unicef.org,Male,210.59.146.44
857,Gilbertine,Ebunoluwa,gebunoluwans@arizona.edu,Female,250.180.79.180
858,Sancho,Littledyke,slittledykent@clickbank.net,Male,13.140.137.79
859,Ester,Joao,ejoaonu@omniture.com,Polygender,187.252.192.70
860,Lorita,Kidd,lkiddnv@youtu.be,Female,215.132.73.68
861,Vernor,Huke,vhukenw@domainmarket.com,Male,218.98.222.66
862,Whitby,Peirce,wpeircenx@microsoft.com,Male,202.135.40.3
863,Yolane,Henningham,yhenninghamny@icio.us,Female,173.200.62.221
864,Lanie,Beringer,lberingernz@telegraph.co.uk,Female,43.190.45.54
865,Toddy,Heatly,theatlyo0@tumblr.com,Male,225.204.137.3
866,Stefania,Lawlan,slawlano1@theglobeandmail.com,Female,52.148.204.116
867,Estevan,Cairns,ecairnso2@ezinearticles.com,Genderfluid,90.36.98.188
868,Wolfgang,Fust,wfusto3@nydailynews.com,Male,156.77.113.34
869,Cornall,Pedden,cpeddeno4@mit.edu,Male,52.251.114.21
870,Brooke,Puddephatt,bpuddephatto5@ox.ac.uk,Female,126.198.75.158
871,Anne-marie,Marmion,amarmiono6@miitbeian.gov.cn,Female,96.177.200.45
872,Cate,Sparkwell,csparkwello7@cafepress.com,Female,93.176.162.199
873,Ricky,Gregoraci,rgregoracio8@home.pl,Male,217.148.217.184
874,Sammy,De Bellis,sdebelliso9@seesaa.net,Male,168.213.137.162
875,Kerr,Siret,ksiretoa@tripod.com,Male,111.135.188.248
876,Clarissa,Buckle,cbuckleob@hugedomains.com,Female,206.60.11.253
877,Carroll,Evens,cevensoc@seattletimes.com,Female,69.150.38.173
878,Alie,Birkwood,abirkwoodod@tiny.cc,Female,185.190.41.98
879,Lauraine,Imorts,limortsoe@reddit.com,Female,246.53.219.181
880,Annabell,MacAne,amacaneof@prlog.org,Female,117.211.201.172
881,Erny,Cuerdall,ecuerdallog@zdnet.com,Male,35.53.242.180
882,Edythe,Camps,ecampsoh@yelp.com,Female,178.245.139.201
883,Kelcey,Cassel,kcasseloi@cbslocal.com,Female,177.130.143.209
884,Conroy,Wardingley,cwardingleyoj@free.fr,Male,238.27.29.18
885,Bert,Georgievski,bgeorgievskiok@google.nl,Bigender,13.221.120.54
886,Marti,Warlton,mwarltonol@dion.ne.jp,Female,6.168.251.32
887,Lenard,Caulkett,lcaulkettom@huffingtonpost.com,Male,42.202.96.157
888,Bobette,Torald,btoraldon@jigsy.com,Female,134.246.106.92
889,Lyn,Goodbanne,lgoodbanneoo@example.com,Male,238.220.241.57
890,Perrine,Ricioppo,pricioppoop@163.com,Female,15.104.243.9
891,Billie,Dowse,bdowseoq@narod.ru,Bigender,30.116.178.27
892,Bethanne,Hyman,bhymanor@geocities.jp,Non-binary,42.24.129.32
893,Joya,Meyrick,jmeyrickos@sourceforge.net,Female,74.143.178.104
894,Sherlock,Chominski,schominskiot@stanford.edu,Male,115.86.1.170
895,Elwira,Scraney,escraneyou@reuters.com,Female,61.232.168.211
896,Ruddie,Hartzogs,rhartzogsov@theguardian.com,Male,52.231.45.129
897,Normy,Ivamy,nivamyow@illinois.edu,Male,66.135.67.156
898,Nikolaos,Jiran,njiranox@smugmug.com,Male,74.135.190.242
899,Constantine,Clelle,cclelleoy@yandex.ru,Male,148.66.109.82
900,Zebulen,Joburn,zjoburnoz@hud.gov,Male,226.216.143.154
901,Cesar,Cressingham,ccressinghamp0@mozilla.org,Male,255.1.38.140
902,Barnie,Cannan,bcannanp1@w3.org,Male,232.126.10.233
903,Bogey,Frake,bfrakep2@geocities.com,Male,204.218.108.18
904,Oneida,Le Frank,olefrankp3@topsy.com,Female,166.215.179.194
905,Jacquelin,Grimsdith,jgrimsdithp4@dagondesign.com,Female,144.241.218.65
906,Carena,Collibear,ccollibearp5@zimbio.com,Bigender,46.233.29.123
907,Alastair,Valerius,avaleriusp6@baidu.com,Male,70.144.166.188
908,Gilberta,Joy,gjoyp7@shinystat.com,Non-binary,224.216.130.95
909,Tadd,Pahler,tpahlerp8@fema.gov,Male,242.248.28.75
910,Cully,Ricciardello,cricciardellop9@nasa.gov,Male,167.255.127.117
911,Renelle,Annott,rannottpa@bizjournals.com,Female,11.100.35.242
912,Ansel,Oswick,aoswickpb@reuters.com,Male,201.114.240.147
913,Kariotta,Rentoll,krentollpc@oracle.com,Female,177.142.194.218
914,Fax,Houndesome,fhoundesomepd@furl.net,Male,121.14.231.85
915,Bernie,Voaden,bvoadenpe@example.com,Female,210.229.93.48
916,Julius,Rafe,jrafepf@squarespace.com,Male,168.39.89.216
917,Bernelle,Remnant,bremnantpg@nationalgeographic.com,Female,61.194.4.163
918,Wilma,Fullylove,wfullyloveph@hc360.com,Female,143.196.60.232
919,Haze,Menaul,hmenaulpi@google.it,Male,74.36.210.5
920,Ewell,Weippert,eweippertpj@ow.ly,Male,96.176.132.180
921,Danella,Byforth,dbyforthpk@oracle.com,Female,183.3.51.24
922,Niels,Ghidoli,nghidolipl@state.tx.us,Male,100.244.53.156
923,Karylin,McIlvenny,kmcilvennypm@1und1.de,Female,128.64.147.155
924,Korry,Shearsby,kshearsbypn@adobe.com,Female,20.201.181.111
925,Merrili,Willarton,mwillartonpo@ucoz.ru,Female,97.41.127.105
926,Piotr,Cerith,pcerithpp@reverbnation.com,Male,64.229.240.227
927,Mel,Domelaw,mdomelawpq@samsung.com,Female,11.165.237.212
928,Celina,Gerrels,cgerrelspr@desdev.cn,Female,242.57.38.1
929,Terrel,Leggs,tleggsps@comcast.net,Male,170.169.244.221
930,Rene,Chorlton,rchorltonpt@spiegel.de,Male,28.112.78.32
931,Lawrence,Fuller,lfullerpu@nbcnews.com,Male,33.171.74.39
932,Gustaf,Woodwing,gwoodwingpv@slate.com,Male,185.191.136.205
933,Verile,Crews,vcrewspw@timesonline.co.uk,Female,206.182.170.30
934,Bert,Hughland,bhughlandpx@creativecommons.org,Male,62.211.36.200
935,Oliver,Besnardeau,obesnardeaupy@howstuffworks.com,Male,15.31.232.81
936,Noby,Ferreira,nferreirapz@sciencedaily.com,Male,13.98.125.172
937,Eleonora,Dehn,edehnq0@google.cn,Female,36.199.157.37
938,Shayla,Russel,srusselq1@tinypic.com,Female,78.27.236.176
939,Mycah,Radbond,mradbondq2@hatena.ne.jp,Male,36.206.87.15
940,Ives,MacNelly,imacnellyq3@naver.com,Male,203.100.198.220
941,Gussie,Scudders,gscuddersq4@creativecommons.org,Female,84.101.4.224
942,Markos,Kondratovich,mkondratovichq5@bravesites.com,Male,169.81.56.204
943,Tanhya,Sellers,tsellersq6@bing.com,Female,236.165.197.79
944,Elmer,Lysaght,elysaghtq7@skype.com,Male,165.121.74.113
945,Alphonse,Cadamy,acadamyq8@msu.edu,Male,117.82.29.241
946,Hal,Pavitt,hpavittq9@utexas.edu,Male,249.208.210.176
947,Putnem,Every,peveryqa@dedecms.com,Male,106.160.13.130
948,Cyrille,Siebert,csiebertqb@lycos.com,Male,44.137.94.240
949,Maxine,Tumini,mtuminiqc@bizjournals.com,Female,15.228.157.111
950,Hillie,Guinan,hguinanqd@toplist.cz,Male,90.18.43.51
951,Melanie,Inmett,minmettqe@github.io,Polygender,65.229.199.187
952,Ruby,Henfre,rhenfreqf@tamu.edu,Male,120.92.161.255
953,Donny,Swidenbank,dswidenbankqg@nymag.com,Female,234.120.25.132
954,Delmer,Marwick,dmarwickqh@phpbb.com,Male,159.169.218.186
955,Tadeas,Janusz,tjanuszqi@columbia.edu,Genderfluid,246.74.232.41
956,Percival,Sivil,psivilqj@newsvine.com,Male,47.85.225.144
957,Jacqui,Cometti,jcomettiqk@ox.ac.uk,Female,230.143.125.57
958,Hussein,Carswell,hcarswellql@google.pl,Bigender,180.111.77.140
959,Cami,Fifoot,cfifootqm@domainmarket.com,Female,89.105.254.151
960,Mei,Olivas,molivasqn@youtube.com,Female,106.160.242.117
961,Roderick,D'eye,rdeyeqo@fotki.com,Male,117.174.237.26
962,Evie,Jellman,ejellmanqp@pen.io,Female,53.119.73.112
963,Rodrigo,Tomalin,rtomalinqq@parallels.com,Male,82.51.113.196
964,Ermengarde,Lippi,elippiqr@msn.com,Female,235.96.120.64
965,Marissa,Happer,mhapperqs@discuz.net,Female,213.109.227.236
966,Giff,Benzie,gbenzieqt@sitemeter.com,Male,193.166.205.209
967,Celle,Kerrich,ckerrichqu@so-net.ne.jp,Agender,153.238.170.12
968,Paulo,Smallpeice,psmallpeiceqv@admin.ch,Male,101.15.56.121
969,Edvard,Rookledge,erookledgeqw@dion.ne.jp,Male,253.47.163.184
970,Ezri,Whitland,ewhitlandqx@goo.ne.jp,Male,201.87.78.105
971,Kristal,Olver,kolverqy@reference.com,Female,71.223.173.70
972,Goldie,Helmke,ghelmkeqz@patch.com,Female,225.220.235.87
973,Kenyon,Dubbin,kdubbinr0@springer.com,Male,96.90.223.152
974,Marcelline,Sudran,msudranr1@amazonaws.com,Female,138.144.116.198
975,Merla,Belle,mbeller2@wikimedia.org,Female,130.130.156.34
976,Moritz,Kliement,mkliementr3@quantcast.com,Male,210.218.50.153
977,Lea,Prator,lpratorr4@nhs.uk,Female,28.57.152.167
978,Chad,Adamkiewicz,cadamkiewiczr5@usnews.com,Female,147.95.137.146
979,Sibley,Quilleash,squilleashr6@webnode.com,Female,146.126.241.173
980,Caro,Nials,cnialsr7@elpais.com,Female,211.2.165.49
981,Barth,Geggus,bgeggusr8@paypal.com,Male,230.156.69.143
982,Barnard,Harmant,bharmantr9@adobe.com,Male,253.197.133.253
983,Tani,Norree,tnorreera@tuttocitta.it,Female,76.89.219.7
984,Moshe,Prozescky,mprozesckyrb@unblog.fr,Male,176.121.231.195
985,Raul,Casper,rcasperrc@wix.com,Male,239.187.237.105
986,Easter,Nekrews,enekrewsrd@ftc.gov,Female,245.116.53.121
987,Lyndsey,Bruyett,lbruyettre@arizona.edu,Female,78.129.110.84
988,Waylen,Mattiuzzi,wmattiuzzirf@domainmarket.com,Male,204.157.17.207
989,Edvard,Maunton,emauntonrg@nymag.com,Male,197.147.70.72
990,Niel,Clearley,nclearleyrh@bravesites.com,Male,162.13.157.129
991,Avis,Rushforth,arushforthri@weebly.com,Agender,97.106.107.209
992,Ramona,Ovitts,rovittsrj@studiopress.com,Female,109.159.71.137
993,Tomasine,Serotsky,tserotskyrk@cisco.com,Female,221.188.85.121
994,De witt,Greally,dgreallyrl@google.cn,Male,229.147.249.242
995,Celestyna,Bruffell,cbruffellrm@bigcartel.com,Female,5.180.244.28
996,Alasdair,Varga,avargarn@cisco.com,Male,162.157.239.90
997,Jacenta,Dutteridge,jdutteridgero@dmoz.org,Female,21.36.219.159
998,Faun,Hounsom,fhounsomrp@icio.us,Female,104.187.10.143
999,Clementia,MacTerrelly,cmacterrellyrq@github.com,Female,48.85.22.253
1000,Carmelina,Turland,cturlandrr@ox.ac.uk,Female,76.124.170.39
